x, y, result
0.87636679567512, -0.6676248889064627, 1.1016994839107643
0.08572508196370432, -0.35916546119433135, 0.3692541376784024
2.167905830490202E-4, 0.5523035471046052, 0.5523035896520009
0.32707355314288566, 0.6027784393770768, 0.6857980432630122
0.7835487033908923, 0.48945946867217804, 0.923860997151844
-0.6564077169232074, -0.7151674196893651, 0.9707396813881063
0.47214860202375153, -0.07229920660719857, 0.47765204665008326
0.4960620900520598, -0.9276869306166022, 1.0519888965306006
0.7398245586342547, 0.4059969350576935, 0.8439039571151511
-0.6754263411039687, 0.27467207470159183, 0.7291402408850931
-0.8574600669991566, 0.2836966835022994, 0.9031730591245523
0.5695784249189981, 0.04558416861356096, 0.5713995962208902
0.3875306635937208, -0.8997112693101825, 0.9796225718863002
0.6393689426437987, -0.4765873866238661, 0.7974510529847055
0.14209157634006075, -0.4397568733534496, 0.46214296892672213
0.6626720887310595, -0.9478134759995731, 1.1564967282571872
-0.17965707053832802, 0.745783482370576, 0.767117765125536
0.6436324403878406, -0.5660470187655582, 0.8571300635101906
-0.8469987210113106, 0.25679633312724737, 0.8850712909717477
-0.7235715509500782, 0.7305695322086772, 1.028244927405872
0.01632059035052391, 0.3308280691039207, 0.3312303925916493
0.6218670870809002, 0.018762577576803663, 0.6221500689639192
-0.036446909380625225, 0.2697926605123355, 0.27224337800894965
-0.5170853016274768, 0.5738344671695357, 0.7724397742678218
0.8106925541463295, -0.15588291688335043, 0.8255433974809324
0.3702050805584136, 0.22720580580271266, 0.4343665270963239
-0.7988769161705145, -0.05217392445464242, 0.8005788190947285
0.18889527984821752, 0.7431076263777219, 0.7667400935973469
0.9201270721844508, -0.8369676391520033, 1.243844306155078
0.9590361249586576, -0.4143839727834526, 1.0447317195699168
0.6998475640480084, -0.5957028193819829, 0.9190475841454427
-0.9794110996939425, 0.1613257912863464, 0.9926087412157236
-0.5174591679531004, -0.8496510545388869, 0.9948220468896724
-0.7746647539720295, -0.27641416489501336, 0.8225024447387087
-0.46923162503395677, 0.45008406961531744, 0.6501953457642509
0.44528812005634855, -0.34301009688334183, 0.5620831223468968
0.5027687828329839, -0.6375503173289232, 0.8119401801349474
-0.5380509035882959, -0.4496864563557281, 0.701225130669141
-0.9748891017942511, 0.06112092461500063, 0.9768032187820608
-0.0516620999061681, 0.8294411673896105, 0.8310485080471264
0.3582619158053837, -0.6330655983788873, 0.7274088617602638
-0.40767895197925275, 0.6878410824959016, 0.7995795661821502
-0.9662411906155852, 0.5570007376401886, 1.1152900341050027
-0.3920697179482564, 0.3557405444646251, 0.5294053255380166
0.3436352061550172, 0.4263194162602675, 0.5475704517134726
-0.027478933621287727, -0.1578208401084913, 0.1601952226675724
0.7443186975372629, 0.9562016763562948, 1.2117474858113615
-0.5545338367197199, -0.02126419291519377, 0.5549413860647154
0.543385239352929, 0.20056393795256344, 0.579217930966989
-0.10845445062535752, -0.25094710796673736, 0.2733803556536524
-0.4755520857326063, -0.9570534159687103, 1.068691268450346
0.051097373711966876, 0.9930715706864803, 0.9943852805155422
-0.3760831725539131, -0.894993022941418, 0.9707991881908606
0.39540263454950186, 0.945697834675578, 1.0250305546269163
0.03874478461123543, 0.8211408932074218, 0.8220544536902975
-0.6642456284252494, -0.3702015743481013, 0.7604416220406846
-0.44882203682811594, 0.796445748203733, 0.914202959180478
-0.22562156388362542, -0.4433196775432533, 0.4974308259309499
0.9765436156455596, 0.5237731243374901, 1.108140658507014
-0.7593176640023551, 0.9201471474511598, 1.1929937501213073
-0.5531712911002911, 0.44714055056275903, 0.7112897786803423
0.6119401095360539, 0.9819807658885484, 1.1570466378820077
-0.9849789149742059, -0.36104778667073134, 1.0490657592370451
-0.90632930071, -0.1422333611245854, 0.9174220023207826
0.05957448130829501, -0.6274406201982796, 0.630262525221002
-0.369382195179188, 0.319241830447514, 0.48821977881162804
-0.676667128960738, 0.48320363108806963, 0.8314831041654804
-0.06001333929225372, 0.8262385463495749, 0.8284151956397624
-0.13724869289420272, 0.5338459012733383, 0.5512065402437729
0.120919614103419, 0.6507580671337541, 0.6618969821766671
0.4495836713034813, 0.2354816480471298, 0.5075205257619725
-0.24618832404338464, -0.1213130741761117, 0.27445501063261596
0.48642365092971485, 0.935247136195891, 1.0541798584427653
0.8605743874412193, -0.9250722656882209, 1.2634662532356644
-0.2859724871090772, 0.5172606311678414, 0.5910489183980502
-0.402258745609386, 0.7582062242299814, 0.8583057595521083
0.9686283323642957, -0.7913942487389205, 1.250818013619838
0.8185418301399059, -0.43165283547435584, 0.925383649121724
0.9516938142063809, -0.04668583349765698, 0.9528382250141209
0.8680623379807497, 0.32647540869919367, 0.9274256924982782
0.6182519146385319, -0.8083851682298042, 1.0177042842437776
0.6335968602849213, -0.7237053759774277, 0.9618702888547603
-0.6296023898193963, 0.2099512006385018, 0.6636856755391392
-0.2999659625673139, 0.6415127213603511, 0.7081794619770462
-0.8580811718288532, 0.16069634909457808, 0.8729986334808918
-0.33482225656226094, 0.015119907548857059, 0.33516347517850226
-0.8763753368292815, -0.29713255910305336, 0.9253764037848415
-0.3936704287200321, 0.3030021261498852, 0.49677630267552497
0.3923928785614017, -0.04988105598459547, 0.3955506173574266
-0.6572625449630702, 0.4258212771977443, 0.7831460994767516
0.5538814515465718, 0.7672103077807386, 0.9462538341969099
-0.5165417420071325, 0.5958750772615808, 0.788595256730129
-0.5649608273478117, 0.11478350667457704, 0.5765032435659287
0.6570229268870078, 0.24240346595439521, 0.7003131919090729
0.6822595036976127, 0.4025585879235183, 0.7921688248704879
-0.44107597658227427, 0.36783248769153065, 0.5743246086659939
0.423249389424754, -0.7049423299161552, 0.8222431113460571
0.5101885117585769, -0.8818137388420773, 1.018767779006126
0.1281705988134072, 0.29445829129500134, 0.32114387385182863
-0.10533930620269372, -0.6554803768821502, 0.6638907243732439
0.7645744785226556, -0.6375384840337046, 0.9955046217030762
-0.39144504102208755, 0.1877782893868416, 0.43415424229855476
0.2389954329986883, 0.8265491784461467, 0.8604082527406571
0.54924852042692, 0.1831667501593579, 0.5789853154917673
-0.041719837758988465, -0.07494256513876896, 0.08577256514885717
0.8749260774414511, -0.12839178841007381, 0.8842963826219247
-0.9266848958241098, 0.7865648620068695, 1.2154954456074392
0.20993210807397156, -0.27476497353445883, 0.34578502090428026
-0.06686009717958208, 0.46062186469395705, 0.46544900346762075
0.8398169799513691, 0.23590450280625297, 0.8723207519364099
-0.008502046636154947, 0.27279313245039516, 0.27292559042548975
-0.024576088778803795, 0.8356419371097381, 0.836003248316763
0.6131850803673486, 0.6824382164340104, 0.9174518309070755
0.5536708153110192, -0.014300780435082983, 0.5538554721659986
0.40109245958606876, -0.6984677485392372, 0.8054392322740886
-0.15195919773380195, 0.46702594409163134, 0.4911260838426119
0.1452624577371473, -0.5575502142785842, 0.576162670666828
0.8009904751877859, -0.5948878713409773, 0.9977360977784427
-0.3378502243246635, -0.7545598887046059, 0.826742644187496
0.24555694975667186, 0.8957893827119274, 0.9288362793050327
-0.2966185847803773, 0.8959362124921275, 0.9437607120938297
-0.9512072042700201, 0.2331626870913721, 0.979367134483722
-0.041294328536276126, 0.2827275665812716, 0.2857273148899651
-0.739497317493423, 0.3131049343559491, 0.8030510460101596
0.5749170445526173, -0.2644766595308685, 0.6328329254658951
0.35671142083336305, -0.16995832563432756, 0.3951314593972249
0.672151409505555, 0.18590506755203484, 0.6973867015091634
0.23811984071842018, -0.5557628636832499, 0.6046266775400937
0.7535818971167698, 0.48194115499360235, 0.8945126899819127
-0.0797267633313885, 0.5419006648845004, 0.5477341393354652
-0.7919079485704554, 0.1944401911264324, 0.8154294493911479
-0.07299972444840641, 0.30030254423478, 0.3090478568821102
-0.5032031334235152, -0.1344173698984088, 0.5208468323966746
0.3969185271486948, -0.27319123466533535, 0.4818482830641399
-0.0475702015503956, -0.5661923940281883, 0.568187250060151
0.6375582814131708, -0.47653026993302117, 0.7959658663290493
0.9939684158473545, 0.581248544028192, 1.1514439116331252
-0.9113143142840023, -0.9793645380656308, 1.3377775143271873
-0.9657911287853904, 0.4682242784847932, 1.0733063306452468
-0.48016216353884666, -0.6452691121992378, 0.8043183017019435
-0.17679971374628378, 0.049673716594470285, 0.18364535632864676
-0.6219600514745318, -0.3924318622025915, 0.7354162577085144
0.2278325623849713, 0.8917636866212968, 0.920407599522792
-0.8971055510190851, 0.7310107766267855, 1.157227343789349
0.7078477052567724, 0.7061232670064084, 0.9998292064373205
-0.32300508435520636, -0.28003295935297823, 0.42749355883252876
-0.9932266705184651, 0.0499785913380173, 0.9944833224450415
0.3489692152561341, 0.5656148723863259, 0.6646049180235442
0.43625608670437943, -0.30558194101557334, 0.5326346739196242
-0.5956223984727926, -0.7078890970326654, 0.9251340525892475
-0.6595277648901965, -0.05279280343613557, 0.6616373272085734
-0.7799709919595594, -0.3292177094214319, 0.8466044226763013
0.3142957762164631, 0.6769007585986573, 0.7463085634902944
-0.6371685076061697, 0.09848762275527667, 0.644735231642462
-0.8353913602139795, -0.8464848187274248, 1.189291920873998
-0.5964454536727175, 0.5098300686527133, 0.784648888426718
0.0610715528428063, -0.47856579024885937, 0.48244683661844745
0.8956276007132866, 0.6498528357588158, 1.1065520807007743
-0.7533457511955761, -0.8808067864977795, 1.1590299461122529
0.8886305628528242, -0.011170127116579165, 0.888700764586105
-0.29185561573868335, 0.7756504619171654, 0.8287420222907235
0.18321761481400345, -0.7004039255966936, 0.7239712379434636
-0.38119114988856606, 0.5262352101173828, 0.6497924200240053
0.20583217958907052, -0.1918605336494945, 0.28138470201248716
0.009035497292833705, 0.006481330124686879, 0.011119705549787676
0.9454310951984661, 0.47869440095715277, 1.0597114160354688
-0.935117861329857, -0.8058180631796354, 1.234418148572316
-0.48027491303550507, 0.31559824844273754, 0.5746879557737276
0.6695618758191362, -0.8224669604758175, 1.060549389054923
0.9760815810934835, -0.4961057033794609, 1.09492288398571
-0.10321641107198976, 0.3561975619125066, 0.3708508199087551
0.5822379800566124, 0.26703633232582225, 0.6405540322271269
-0.6669881380210181, 0.40602543874933916, 0.7808519918475831
0.06057499412984568, 0.27181979945465873, 0.278487581930329
-0.8401129079353684, 0.4459204188312864, 0.9511228721938563
-0.9646170886443137, 0.056056494954360714, 0.9662445127043154
-0.006520693941744593, -0.9262243117122266, 0.9262472645337582
0.7721968235761498, 0.20300158494613751, 0.7984344543115229
-0.9543015637599899, -0.154094836465414, 0.9666626574043629
-0.8091103605620857, 0.01204632143626827, 0.8092000305419262
-0.5532273127739287, 0.5173751414248418, 0.7574546168341951
0.4535808991441541, 0.0829387161251176, 0.46110135838110705
-0.3406590190713612, -0.1610521675290355, 0.37681078532927176
0.08830687102929025, 0.0491142597538996, 0.10104609830249371
-0.0240706259693102, 0.7011671754795219, 0.7015802185099613
0.764830267772993, 0.8207906077253613, 1.1219013148365038
0.42092939459302947, 0.10223047248220185, 0.43316581667577203
0.20254160711411573, -0.8089367834439758, 0.8339075621560549
0.19848811879457595, 0.6513778346630839, 0.6809483216757183
0.16302305153720398, -0.7857327615431777, 0.8024665026621174
-0.27884625852181366, 0.5870557296902921, 0.6499151218842468
0.42045488081434224, 0.8198644645706912, 0.9213902794507813
0.3783817737969397, 0.6041594717617009, 0.7128684549488047
0.5636050126080936, -0.14331866420521355, 0.5815417867587299
-0.3146595044463887, 0.8207933685323929, 0.8790405892592216
0.7611884022420916, -0.8206774565025181, 1.1193387652178008
-0.24555967056691386, 0.5342053528874211, 0.5879412477982008
0.351343166743894, -0.6625891228452214, 0.7499775773517683
-0.6865070640223967, 0.4139215729990253, 0.8016377096585705
0.9651509154836506, 0.9193305587050979, 1.3329234658553943
0.694994090080927, 0.17829033627609547, 0.7174985918152446
-0.8534644412997825, 0.3335782678307304, 0.9163383727270731
0.9546255126576022, 0.13737354712119365, 0.9644591027438378
-0.5136791311716313, 0.23970180311283107, 0.5668537767509223
0.09093504926330986, 0.16063611417143475, 0.1845891230831839
0.6078552540827802, 0.7111113385112144, 0.9355037924430089
0.8241716886386019, -0.8481538534498398, 1.182634318576633
0.2271653755495413, 0.7087753392842204, 0.744289318360828
-0.6705997701484199, 0.24034480594653163, 0.7123690598759813
-0.1423202021175214, 0.10058130759738493, 0.17427460907651435
-0.2399700292639011, -0.571769075519029, 0.6200850672809357
-0.23287846057373685, 0.03983990141539984, 0.23626170900927276
0.3005288130591117, 0.11078398734421824, 0.3202977666650244
-0.92074545538205, -0.3400197105385412, 0.9815220818511482
0.28456665441932794, 0.1154786500288556, 0.3071050299488696
-0.4567723638587673, 0.04804162403710244, 0.4592918353566155
-0.4763860362553076, -0.8816963026718254, 1.0021636721036193
0.17632822439321094, -0.5703036220992856, 0.5969404192188927
-0.7854199799668151, 0.11766353186130307, 0.7941846458230908
-0.7616173314480426, 0.3354829377034476, 0.8322317952663025
-0.12858742781389987, -0.42592486091940884, 0.44491202921590317
0.20344450003048964, -0.9016892756704042, 0.9243555671123933
-0.41830564447106755, -0.5435428077392028, 0.6858705388346777
0.14232193817890226, 0.24415600591279896, 0.2826087212212143
-0.07617719671289036, -0.8241104867031144, 0.8276237427678584
0.5466798602918446, 0.7965081532178238, 0.9660663061049065
-0.476756310265513, 0.026053676130107783, 0.4774676674057403
-0.41181946796561686, 0.19569132118028643, 0.4559499614878476
0.47220638239733037, 0.2607170214882564, 0.539399882156533
0.24141588750752563, 0.4044619511788834, 0.4710319529421287
-0.3551753121219623, 0.5350417725523571, 0.6421987236961013
0.8674628330940375, -0.6607915935708799, 1.0904757204695008
0.45867136842905687, -0.4920074953061213, 0.672644631030373
0.07831440105041132, 0.7694787455743526, 0.7734537383079637
0.4745260467903971, -0.5591484924470196, 0.7333634881068847
-0.3592790558577028, -0.9721674532698881, 1.0364318584331833
-0.14645618281730033, 0.5452019513860384, 0.5645304077554714
-0.027534744316942028, -0.38117965284445177, 0.3821728534148078
0.1128415351909915, 0.6619501572703452, 0.6714992351257703
0.9656958604196555, -0.5062274075249045, 1.0903369584495632
-0.7318187776962037, -0.21871084773179605, 0.7638017794587326
-0.8101759292149913, -0.7072737233574886, 1.075463228581684
0.6099908267298826, -0.6361902965583031, 0.8813778429989871
0.11041365423307559, 0.9579801564197241, 0.9643221220811333
0.32219843190139597, 0.9504356296402043, 1.003563508508201
-0.8093850181608933, 0.3322092507052672, 0.8749097632770276
0.8037485838619298, -0.8134777110629934, 1.1435723730732326
0.67056884880849, -0.6996059381134763, 0.9690774218998092
0.04025305418968794, 0.09489459676060763, 0.10307906123920745
0.8986557816106779, 0.5631029500838647, 1.0605032513931534
-0.10597189015457364, -0.6680299362091398, 0.6763830550616421
0.04942102093780876, 0.5633106190108437, 0.5654743944697366
-0.657818530843064, -0.6484230906470494, 0.9236762008435633
-0.3907736870442009, -0.5197147251708396, 0.6502364724048632
-0.2769693785016898, -0.4265543202433624, 0.5085868900649025
0.09371743377618968, -0.7341224401835127, 0.7400802082035363
-0.058221235803505245, 0.4992471088076931, 0.5026304685863442
0.19348289066139568, -0.48650551082098414, 0.5235677998481919
-0.3677555334992344, 0.7745413725204373, 0.8574138266701496
-0.6362906744516383, 0.4863830850572637, 0.8008959531823981
0.3832704438842989, 0.16742101928268727, 0.41824159388195886
0.45737861932812596, 0.16434239942971618, 0.48600784527497
-0.6063389469846183, 0.4275466559808483, 0.7419185006931837
-0.0060000609731236665, -0.8979025429690763, 0.8979225898717635
-0.5162858564429735, 0.5624711676288832, 0.7634951866101409
-0.017419104130579788, 0.5612766149580961, 0.5615468490585009
0.832100120723904, 0.05486396385174941, 0.8339068685640272
0.5283273750644233, -0.27028160533276324, 0.5934492071135653
0.8342387809540199, 0.24335333881135424, 0.8690081651850476
0.6918729762250959, -0.6379276616291569, 0.9410844365423414
-0.11100592316814306, 0.872246675389212, 0.8792818533928384
-0.2696257119627863, -0.288306344981375, 0.394738613652071
-0.7029060723427945, 0.9995275961060839, 1.221937953381423
-0.5505026137424505, 0.28753142648784147, 0.6210696007336074
0.5471352008265873, -0.2981904601810066, 0.6231167455032086
0.08007636060812184, -0.5322239355771081, 0.538214214908365
0.8868567207375158, 0.7050289113129335, 1.132952165320496
-0.047584441702989144, -0.2451668890343488, 0.24974203204700218
-0.7855213007789048, 0.09690227688797393, 0.7914756883464307
-0.30136185000543114, -0.1825488747503783, 0.35233940499371524
0.7957667042993393, 0.18810773550036242, 0.8176974794057436
-0.3989729013190104, -0.7177727512944456, 0.8212046629724571
-0.4728629721865101, -0.6390926810930591, 0.7950087078087728
0.7975893974995607, -0.9417035505014109, 1.2340803960968976
0.9145301677110591, -0.39565347603612033, 0.9964472393223249
-0.4755280667896329, -0.9553137704254757, 1.0671229274405194
0.193336123487573, 0.3649038398375757, 0.412957224144837
0.7026105772814952, -0.18320410023334222, 0.7261028616182038
-0.16389825420215987, 0.8303486282101937, 0.8463695895417476
-0.41610979523021796, 0.5598016509490475, 0.6975136200045223
0.5809753973669427, 0.3908616219381915, 0.7002179802388901
0.3064248269662011, -0.5934472974206233, 0.6678891145969577
0.48206612263591064, 0.786571360554269, 0.9225411924881266
0.5940012376481345, -0.008204048377147943, 0.5940578900555822
-0.8284428939640729, 0.3377195152271948, 0.8946351767759076
-0.41546613747830197, 0.9775060959140516, 1.0621347743767127
0.9077324801977806, -0.6829714433491458, 1.1359701792020906
0.22145020951159444, 0.8779493300833878, 0.9054475255290052
0.3077985589724288, -0.08196013420022585, 0.3185238083779967
-0.44754948965091046, -0.17216303454510506, 0.47952127809990813
-0.8734679615919996, 0.6714214672371992, 1.1017046185773371
-0.21158620437488262, 0.2585514358052159, 0.3340921532133137
-0.44266763501455864, -0.8860331439634699, 0.9904591699263394
0.17682695986265728, -0.7292002829964657, 0.7503338100181781
0.8240432826453803, -0.9030120785805169, 1.2224885053591628
-0.03098547288944853, 0.9036689161189198, 0.9041999831285809
0.6145384244754404, -0.22280239691048176, 0.6536806431475636
-0.4686193017383289, -0.08448851383191558, 0.47617471471219963
-0.7480157544661621, -0.14922666245904348, 0.7627556395846884
-0.12422357052629551, 0.23082174468669558, 0.2621262544929668
-0.7953338538294252, -0.8129139705222592, 1.137270883526625
-0.36443227090745456, -0.29218995510688717, 0.4671036822206919
-0.6157559745409751, 0.2681473048962635, 0.6716088127072453
0.7920403615597098, 0.5076224667902014, 0.9407489054629854
-0.8345950707625296, -0.6626865354973654, 1.0656933782615958
0.30782277212308795, -0.20253771489159322, 0.36847847290045427
0.5404124426245878, -0.8074317111332312, 0.9715922891249246
0.7285752594683512, -0.7548387425253047, 1.0490964855181617
0.10773472396496464, 0.7980849987778635, 0.8053238081803304
0.054942321796830784, -0.2658915065742973, 0.2715086591487942
-0.3310384186439068, -0.5133178516912349, 0.6108041023791205
-0.5772726700499138, -0.37557700175967357, 0.6886957382163349
-0.13068102910681412, -0.6213399695575217, 0.6349337675208006
0.5658431008792664, -0.016485350390448295, 0.566083193170544
-0.853741405967638, 0.36862374273614407, 0.929923573188895
0.7522484009482677, 0.9782603156502487, 1.2340465558095246
0.7729737346571341, 0.7962869720462635, 1.1097573321769063
-0.7589365542791213, -0.07726468191972846, 0.7628594395386494
-0.19949331703763828, -0.2912340120506054, 0.35300826239306615
-0.8592665872750043, -0.18190479085983768, 0.8783099799871306
-0.1977123413402695, 0.5401127941999408, 0.5751625860369561
-0.012519001288365805, -0.19450141024535395, 0.1949038839548601
0.9012246231834713, 0.11659678761970937, 0.9087357329363831
-0.5002268648765296, 0.6974330752418094, 0.8582772342229806
-0.7227149587594242, 0.6959016162576632, 1.003292565069962
-0.4801124253772575, -0.9308709736683358, 1.0473913836860929
0.982859119107957, -0.45256898648327804, 1.0820493221383998
-0.7562613186999447, 0.8425335156249312, 1.1321633747446018
-0.9645484733289509, -0.8503147571740248, 1.2858417257458752
-0.6208860486277317, 0.7331957268565703, 0.9607681610364138
0.502525770598165, -0.11641342681506361, 0.5158335352205261
0.6416423660928214, 0.619403146655745, 0.8918324865423062
0.5617539390700941, -0.3085074577061604, 0.6408933916971569
0.6487862956949368, 0.18970378603568672, 0.6759520574107543
0.13291180770206057, 0.21595150627978943, 0.25357563307845543
-0.1628101270402813, 0.6897491586271864, 0.7087037740084247
0.13531832987521475, 0.6259405406907306, 0.6404003520302137
-0.13365238732986984, 0.8633999512790069, 0.8736832586856434
0.22558493332707785, 0.9671130363099667, 0.993074109593471
-0.031053339117576684, -0.21883406708143993, 0.22102637576939854
0.656484104107947, 0.18594376125005718, 0.6823096520599955
0.4846487216351387, -0.6455964651295873, 0.8072664858461502
-0.31267201367776565, -0.48795835911221475, 0.5795404630953683
-0.0969767615441044, -0.21560497667932443, 0.2364106559537326
-0.04110586361465707, -0.813592846867754, 0.8146305987979358
0.5677748598669579, 0.3901431196067433, 0.6888976304745322
0.8872722119181282, -0.9660411976910359, 1.3116735774110946
0.08798693205268648, -0.5517503217085113, 0.5587218607836012
0.05598574946505819, 0.07503195184010836, 0.09361729509070749
0.550460832199847, 0.7129355162442326, 0.9007131497366841
0.42971557997883125, 0.31997527435692175, 0.5357608196540045
-0.19252874683451093, -0.7398873679568592, 0.7645264126371278
-0.9776526217952541, 0.41596343268134883, 1.06246422350646
-0.9186896134087652, -0.9833808300569549, 1.345744575582102
-0.026115219185450123, -0.27233091804505194, 0.2735802141902168
0.3466531980158478, 0.6153770682038382, 0.7062983617181665
-0.856316471842576, -0.0010018272584557675, 0.856317057874461
0.13436894252730514, -0.4121154106960345, 0.4334675587043019
-0.44169595475466994, 0.926184529745125, 1.0261155391016343
-0.9991537734140699, -0.19511767191622686, 1.0180270963101046
0.005782004616653458, -0.9155552466950361, 0.9155735040553519
-0.9829603455900893, -0.2743619372224311, 1.0205319757847047
-0.08681816923583208, -0.26308949622233846, 0.2770441797475367
0.781386116459357, -0.6630696492494537, 1.0248051633121436
0.8480136327773777, -0.7248374102443007, 1.1155789495441144
0.8846851578039583, -0.7875763407466256, 1.1844595058263745
0.5799564224379861, -0.9741051183699159, 1.1336799519977123
0.6071842152660787, 0.8197824385178965, 1.0201548498981086
0.13076614938066689, -0.8570690979385556, 0.8669874419304217
-0.45748402023201895, 0.971037330655127, 1.0734081825165507
-0.16310771809883184, 0.5143395101953194, 0.539582486234838
-0.4855012886847365, -0.8821101862975775, 1.0068911967459477
0.6154247838914146, -0.07076414979541479, 0.6194798055821209
0.48967591102761765, -0.8965947532013632, 1.0215990648532038
-0.10517391211391613, -0.37769699172865234, 0.39206704700882405
-0.9055392859805651, -0.8804438814580235, 1.2630054738009102
0.9830631488587367, -0.5934046661412822, 1.1482779508648162
-0.5663162019156496, -0.6828547390175155, 0.8871328170859457
-0.21494817497228857, -0.4646293624279467, 0.5119405847890143
0.7703712707543089, 0.20317778130294717, 0.7967139421516338
-0.5644448444894223, -0.225215938187878, 0.607717205025935
-0.022268383233799316, -0.024801441192553675, 0.03333155227520994
0.12895708973533448, 0.8190861827988916, 0.8291755579158532
-0.5385965485439999, 0.42563065725245086, 0.6864748345690922
0.8958639108329267, -0.2427147906557674, 0.9281608784774
-0.9228717473919235, 0.7464264700605694, 1.186947655687185
0.19752473220038902, 0.2015409576412781, 0.282196345542955
-0.0682703663365436, 0.2310109725049767, 0.24088775879529653
0.8451328123998505, -0.9999120725429411, 1.3092263453704256
0.40893817230335117, -0.8444856740939202, 0.9382891252256247
-0.11629143617087667, -0.8055825960151326, 0.8139330544517561
-0.8058901667736427, -0.6434060338091865, 1.0312275622986993
0.693162713005222, 0.07337913989351219, 0.6970358992708133
-0.4441426048608492, 0.7067121183525282, 0.8346883680026326
0.2578137801529017, -0.23135579909252502, 0.3464007087326317
-0.9941916848397203, 0.37243511419770114, 1.0616614434422569
0.9313493129084218, 0.20673785213377882, 0.9540189107978299
-0.9158582175339685, 0.7326006108510756, 1.1728170912993496
-0.4500551182238337, 0.3659911732634509, 0.5800854664152743
0.9240939848933372, -0.47908749737488243, 1.0409008228726575
0.5460122509166281, -0.9658579442257573, 1.109509326943694
-0.2162008511135185, -0.29174746350590497, 0.3631244834548328
-0.9895547108552316, -0.8357608078678842, 1.2952662482068154
-0.9611239626595616, 0.1301266616458696, 0.9698928908232687
0.37010556970050357, -0.15439087121440398, 0.40101704931047133
0.1321412100892092, 0.9495168269939176, 0.9586675670681876
0.3032151635640945, 0.725632340095768, 0.7864360930222245
-0.7900739373611705, 0.4942263914433851, 0.9319208939049134
-0.2048277052941072, 0.15996019743958634, 0.25988777120318896
0.3243332424055714, 0.5906356683758842, 0.6738267914584123
-0.6451706251299678, 0.6679164108072522, 0.9286320408839206
0.3157525451892256, -0.24032987395256167, 0.39680992692664346
0.2800759497480749, 0.6157278526237591, 0.6764342733214749
0.9189635194784609, 0.5428206378124827, 1.067308856408205
-0.19228190891479513, 0.47245423561205424, 0.5100836571031149
-0.8393754282448835, 0.8891156010426842, 1.2227336838243947
0.7506629564715508, 0.41798809684532756, 0.8591908538403957
-0.24485465175948895, -0.019142228045158083, 0.24560176176646908
0.07922833708965604, -0.7657061098509823, 0.7697941127737447
-0.6112845547190622, 0.06424498941963597, 0.6146513039956975
-0.22172618971255287, -0.8934662219961251, 0.9205674299324718
0.008400761298380521, 0.6504376428773804, 0.6504918908505124
0.1786962980488942, -0.9193905051878768, 0.9365955733218039
0.802967042429531, -0.6164499797176923, 1.0123075860241153
0.44110633815426614, -0.9224158879219453, 1.022460694526052
-0.4197259666552313, -0.7659729164493965, 0.8734325365010525
0.5421291657925844, -0.1528667807531634, 0.5632692829018809
-0.8108953487781341, 0.7287205516804593, 1.0902224126807727
0.6494638968526487, -0.105214940021912, 0.6579312554658294
-0.25205772332890275, -0.4028097313768586, 0.4751723640760757
-0.11504381858406898, 0.33230757659758936, 0.3516580806103663
-0.5071317082914881, 0.8605177535741171, 0.9988360094484419
-0.3842444323964995, -0.3233433797255063, 0.5021899292499015
0.2233420376670019, 0.5229636720034454, 0.5686586568624237
0.28614693881227415, 0.9241911666458857, 0.9674757790755895
0.4708854859386262, -0.8056516584388156, 0.933170796592387
-0.41216506199065295, -0.8168486865908167, 0.9149436130772765
-0.7254200825015817, 0.22176851002381337, 0.7585615124265032
0.020171063948676515, 0.7888160973755498, 0.7890739555324421
-0.295189153786394, -0.027664533996545115, 0.2964826520293782
0.5388842701992633, -0.6245598848087677, 0.8249068470927695
0.00171455909383611, 0.43259792510978734, 0.4326013228391465
0.3558373977571683, -0.826881115429442, 0.9001958857362276
0.2993380084487327, 0.3238968719748334, 0.4410356300540073
0.5250403330710538, -0.2578391203322252, 0.584934494900975
0.05506257286352678, -0.18168755628360578, 0.18984797875842557
-0.30017693323251216, -0.344081931397763, 0.4566164328616426
-0.5288465984315225, 0.9741594108775848, 1.108451750178579
0.35446385425601434, -0.6098770544744188, 0.7054038882430562
0.2368025068710755, 0.9928395131257008, 1.0206888488095207
0.16400915914121716, -0.041361439652875864, 0.16914423718343935
-0.3761029048787474, -0.3844046598277744, 0.5377920951032462
-0.2558339978628119, 0.080953145747104, 0.26833644230484444
0.886982054032023, 0.5474440548031032, 1.0423205636051365
0.6959766617702601, -0.6881398074695437, 0.9787338291655683
0.9698686200445346, 0.782636823425084, 1.2462606218315637
-0.6537075240864885, -0.015152610031482494, 0.6538831154251141
0.5310832133840315, -0.5346144134991138, 0.7535661554630159
0.7260590141617458, 0.3378233572720313, 0.8008035419277768
-0.6658764036168148, 0.5000175279845687, 0.8327117827828919
-0.9086535714661517, 0.8209141808336091, 1.224561719649895
0.4004905908786651, -0.3582368927769819, 0.5373326574188927
-0.582822932918293, 0.1898031583752029, 0.612950087743434
0.16574162356697109, 0.11579854955274693, 0.20218701704396239
-0.8094575892865743, -0.007272785961214945, 0.8094902607624566
0.11633236569038918, 0.705721215314, 0.7152451698902913
-0.21642834683889633, -0.22942351342828426, 0.31539876003116396
0.9420720348534741, -0.7738217952796966, 1.2191389952351037
-0.1783998013258432, -0.11075843236689331, 0.20998552200918996
-0.21006894869463788, 0.20762863357206718, 0.2953618334935544
-0.5537343554429104, -0.9711915915693754, 1.11796012627143
0.19334183089279722, 0.33317678331248746, 0.3852114127481625
-0.8295394088621253, -0.421791285141903, 0.9306145921255385
0.24480490291495194, 0.9406489556936628, 0.9719824578349022
-0.755333315272892, -0.4828172439082168, 0.8964602100351496
-0.1494824646747055, -0.9179779231345162, 0.9300690698048099
-0.9998580403997517, -0.7269197899668183, 1.2361749398840904
0.6539039015948056, -0.07365985577312739, 0.6580395785007367
0.17240477021428502, 0.4146769078719932, 0.44908834622479116
0.5529668789815452, -0.8913720041786906, 1.0489596842034141
-0.500328689448132, -0.18861479645750645, 0.5347002327730856
0.07309393767918593, -0.14882468523197923, 0.1658056412184049
0.7129842519914149, -0.8681612199349928, 1.123410186613408
0.27969934864689106, 0.9915988611035536, 1.030291234057322
-0.041365333163961404, 0.7158929331548454, 0.7170870118254921
-0.5556815317677231, 0.2799634241011828, 0.6222230175605703
0.28579430542704953, -0.05117063733380145, 0.2903391450350385
-0.24934075036122438, 0.7638517560921279, 0.8035174640763735
-0.9853231059613399, -0.1903907177065829, 1.0035488271778954
0.13485973695684605, 0.4916026055041478, 0.509764916790609
-0.5180417610892074, -0.9840862943632382, 1.1121120001987108
0.8077177084429064, -0.9246832476083555, 1.2277813343343331
-0.5375562996926508, -0.2834975345569819, 0.6077315422447169
0.08134863189731711, 0.703041048505145, 0.7077318106421238
-0.7575187454791963, -0.8547285523165906, 1.1421013737394725
0.08707010404518534, 0.7442330126476133, 0.7493090017696185
-0.40790503374608833, -0.39533992206835555, 0.5680494437427176
-0.019975854177443964, 0.5267557949325363, 0.5271344252134619
-0.4110873488741138, 0.19632382356913491, 0.4555610300554166
0.13194606640178086, -0.7433420572278677, 0.7549617066332979
0.7550837073248482, -0.24580488638047604, 0.7940852896483827
-0.20447343484109504, 0.319676851217537, 0.37947684350968613
-0.3099273236781055, 0.5249425455939445, 0.6096061204884049
0.39719756991227007, -0.0746344212492065, 0.4041487428898136
0.7615432152914505, -0.574963394717849, 0.9542174668396683
0.38145696629203396, -0.5978770194897163, 0.7092012038671596
-0.31377659903527744, -0.024385040473506647, 0.3147227101768155
0.48374119995091824, 0.19640658286385548, 0.5220929939409366
-0.48525032898943987, 0.8317473891965759, 0.9629494281735048
-0.8758853469707044, -0.40341229844447635, 0.9643218464673744
-0.41934175760526493, -0.8898388210959067, 0.9836974317343854
-0.544518084008331, -0.7072948851129277, 0.8926174983266983
-0.4303504615965721, -0.321503960597499, 0.5371836896967934
-0.17387910397020612, 0.21338926773450928, 0.27526155267627156
-0.47353615662840776, -0.25019906789812874, 0.5355707845014479
-0.004197789361712001, -0.01694267359348678, 0.017454959868780467
-0.04110089111000326, 0.25077496337186966, 0.25412076952543433
0.5318285645950631, 0.9749467892887262, 1.1105687119956338
-0.20631204264771408, 0.8511583632748945, 0.8758054683057588
0.7871658260605072, 0.2390161037429983, 0.822653472347868
-0.41687381096588605, -0.2555111475933689, 0.48894756448284066
-0.6130487628728354, -0.446320095092658, 0.75830759784103
-0.20786963452310037, -0.5308802803321717, 0.5701260009877926
-0.6480946770562408, -0.10957959327507893, 0.6572932356954274
0.36993087199440455, 0.6536018045497052, 0.751028740438854
-0.6852128678709721, 0.34453152093248285, 0.7669541337081457
-0.945163504958414, 0.6514891427189864, 1.1479425744287008
0.27261057835330726, 0.3666153710932867, 0.45686251515307424
-0.4117296963067809, 0.2735606621155591, 0.494324568151308
0.7412071778796492, -0.25476298755849935, 0.7837679888653567
0.022778113963169533, -0.9846325654622865, 0.9848960003191012
-0.20057774981559406, -0.2948802508069228, 0.3566311764793436
0.9307809813909211, -0.7888691804733443, 1.2201097570381658
-0.6193194262395594, -0.23207165729370893, 0.661372667893636
0.7535733652693644, 0.4444215635651081, 0.8748618993904411
-0.5886380470083197, -0.9844473787046937, 1.1470097609978354
0.04465113130475551, -0.6046472069168745, 0.6062936321281728
0.6518840366892931, -0.08345045771827952, 0.6572037554546671
-0.013331058789363581, -0.8130968030363639, 0.8132060798078191
-0.2522859524308081, 0.5428262543803468, 0.59858879394666
0.4173584809348263, -0.34667044765344013, 0.5425573710534788
0.9663267030016502, 0.980159172437115, 1.3764081154391128
0.8864415990610877, -0.3649309396871725, 0.9586205189160832
0.1720601200159948, -0.7492726780991998, 0.7687744994768398
-0.058133724264661124, 0.09178085981762307, 0.10864279141177212
-0.20838098440897324, 0.43866010911604825, 0.4856390902645257
-0.12377485824177059, -0.0405335345927087, 0.13024278467288972
-0.8255711413663802, 0.5733026549940163, 1.0051087720640866
-0.6569396206171001, 0.9533609805771359, 1.15778531016054
0.6455537983885, 0.5455254758786938, 0.8451850397673254
-0.5047720368449178, 0.18049288341567538, 0.5360713479978869
-0.7327082854535976, -0.365273404087036, 0.8187100166149682
0.7179553917233128, 0.3206474700321107, 0.7863044858975237
-0.36713969692622905, -0.9557934837115778, 1.0238812140891136
-0.09628727203325371, 0.967167226989206, 0.9719483956042091
-0.5006304270247233, 0.6641202904741381, 0.8316769713551111
-0.7661406502763282, -0.023782756966073793, 0.7665096969606727
0.6631395765067685, 0.4831620463133923, 0.8204874532418646
-0.0713134962161337, 0.2902935803764035, 0.29892470214139205
0.8276153739439462, 0.23744185089541947, 0.8610028105325909
-0.30822478226212446, 0.6386343824147829, 0.709123678072341
0.6594887164820555, -0.012132599238989128, 0.6596003086198815
0.7125283080491416, -0.2710708627297176, 0.7623490030113543
0.1849938834380096, -0.6237216078069883, 0.6505777286034393
0.5638327915461165, 0.8498253225333752, 1.0198580762251392
0.8943154022460433, -0.4870085171057388, 1.0183208406136217
-0.37389962352665296, 0.5596764450905636, 0.6730814599010906
-0.22540061683531087, -0.38376081365268866, 0.4450593220741616
-0.6048162667437309, -0.9430240129873957, 1.1203111199968854
0.6187976685963639, 0.5420712377946926, 0.8226492457326912
-0.20217523561725104, -0.4515597652914123, 0.49475352199547434
-0.2231546641883697, -0.9586653947652097, 0.9842953536766084
-0.5292896213826699, 0.08005361433727676, 0.5353093353117163
-0.10427989948857141, -0.361164887212609, 0.37591804052564853
0.2803364114558966, 0.8482282113169033, 0.8933530108875455
0.6555992788068539, -0.5325374142518626, 0.8446339514547866
0.9157122050838162, -0.9583475452812165, 1.3255032478594682
-0.29444036328423007, 0.9625014162790977, 1.0065307267392378
-0.635835330097648, -0.5416717077579187, 0.8352812735754137
-0.933393308982867, -0.5338915151133303, 1.0752968051491612
-0.2972176996593108, 0.5743977564027798, 0.6467388526687718
-0.7757739246065536, -0.9346159430453405, 1.2146325135998894
0.14478592748437302, 0.07308189606085858, 0.16218485850830916
-0.10734341144308712, -0.838860591746897, 0.8457007155999066
-0.13099443342435824, -0.03605609437035184, 0.13586604995145896
0.9767572959607547, 0.015492251306818305, 0.976880148771137
-0.20949417456555075, -0.8231820482892431, 0.8494212699259275
0.6348561016146526, 0.2796974804800052, 0.693738387538283
0.6943105592370868, 0.6874932217790233, 0.9770947152964331
-0.21268417573201992, -0.6651062757663329, 0.698284266377648
0.45071329230205937, -0.013888250722909667, 0.45092721737094554
0.6138177665866895, -0.90320539924474, 1.0920404039239215
0.13323272445875145, -0.3727351089795192, 0.39583130287115453
0.8227227135146546, 0.15218087647437306, 0.8366789602335085
0.4855302535077368, 0.7932460924818496, 0.9300424669384781
0.2688010069849578, -0.441465188684496, 0.5168611943030401
-0.675481028793306, 0.4474152185417166, 0.8102191049601305
-0.06961941635376356, 0.9779491347229683, 0.9804240782635038
-0.385908008083089, -0.5881497523242181, 0.7034522882624639
-0.4583622851583431, 0.14760762423143503, 0.48154334715249336
0.08345029924247616, -0.9693498967479901, 0.9729353394594102
0.45946247798380546, 0.5842677541656776, 0.7432863359653691
0.9768337872769055, 0.27188552122414, 1.0139654750616833
0.20400610710132616, -0.4613978139870736, 0.5044863075314214
-0.8028236256917427, -0.9728060065429989, 1.2612998455303848
0.3812125133362041, 0.4853188486373454, 0.617136423464686
0.5116304648442132, -0.5651454799315832, 0.7623353238856279
0.04056346130484445, -0.11145410004640977, 0.11860611624273316
-0.5396003839508208, -0.8870076674243415, 1.0382442758953427
-0.13974834642808487, -0.4918806860351437, 0.5113474451131907
-0.9788719192824764, -0.9724741491282229, 1.379817453535945
-0.12653744789873778, -0.9238826526089259, 0.9325078452819746
0.6311120781173527, 0.19539569497132003, 0.6606677930389286
-0.6889813755227321, -0.3228821267752868, 0.7608864590779155
0.6845097614974054, 0.1575370386498145, 0.7024041088517264
0.2945228225710712, 0.08927348164591753, 0.3077554996103476
-0.592417625698419, 0.7403674159703622, 0.9482101844363323
0.5239247749168021, 0.7561631744890047, 0.9199347347637824
0.7728612411052416, -0.07562680129342958, 0.7765525810121362
-0.6709806320457092, -0.16689571591231278, 0.6914254757892154
0.695882785908587, 0.026892280052257522, 0.696402216000427
-0.09280843187118881, 0.9354690280939504, 0.9400615445540942
-0.0849871978998824, 0.18011014444398565, 0.19915443238478817
-0.3899475475670049, -0.43038568065523, 0.5807675300553459
-0.5048148237504129, -0.0038730597817524526, 0.5048296810511773
0.5654736476196616, -0.39828295812235504, 0.6916572567991887
-0.5145696548159506, 0.32895521174028164, 0.6107319059853514
0.620793734527542, -0.15725098762324619, 0.6404004481081651
0.06255145873295787, -0.0033293461638015387, 0.06263999948514808
-0.9344455990197904, 0.2597055396277177, 0.9698636733277409
0.15355836471356854, -0.5254467427346408, 0.5474252924591163
0.09909396705909757, -0.8400890418880245, 0.8459132417735571
-0.07370202272911164, 0.9865309011535994, 0.9892801459067575
0.47047567907227705, 0.12019191066730173, 0.48558568758600873
0.8735413570222481, 0.20946771566771805, 0.8983046400499792
-0.756629118601285, 0.15736817565177552, 0.7728210438538313
0.7984968090382669, 0.35751519666742615, 0.8748795745086536
0.43375479783199045, -0.06206015696535294, 0.4381719841852456
-0.5020364000888053, 0.043473486831767216, 0.5039151625734622
-0.07983634772647275, -0.47116235089820013, 0.47787843990100765
-0.463987822703801, -0.6316359218136847, 0.7837401593275906
0.5730054361169399, 0.31112574548900973, 0.6520233579601704
-0.6069453701840706, 0.38239546811345226, 0.7173625139506418
0.48367207082284147, 0.23947657301636793, 0.5397107569038434
0.34121872195376546, -0.30303064370845445, 0.45635270048299414
-0.5559551956818909, -0.720159901063053, 0.9097892408161551
0.19245539835683556, -0.10636564465571641, 0.219892543574616
-0.6937930603714872, -0.6070694097728075, 0.9218904918164299
-0.5651992622903756, 0.16862964395124758, 0.5898187542904255
-0.44470800689572343, 0.6888937223438647, 0.8199632748373262
0.9277499801921851, -0.26026067597285274, 0.9635640327474071
-0.05606728335827027, -0.5579304680255934, 0.5607405348415917
0.18374689072177053, -0.7702459324381552, 0.791859656938931
-0.3689973110875371, -0.6054660941172705, 0.7090473938429335
0.4303143532889129, 0.7973817684800217, 0.9060839516020479
-0.6105055386188256, -0.15095983062846385, 0.62889258474531
0.688246829802414, -0.7660455084839981, 1.0298103805077807
0.23516986540134233, 0.07252741179406086, 0.24609975833883044
0.014834847216220082, 0.1596053119423808, 0.16029325716371629
-0.7745726741825696, 0.5821731797956935, 0.968962558029858
-0.5649995903995566, 0.3990420548122906, 0.6917073793595684
0.2760758302342634, 0.12829574078213568, 0.3044300595249667
-0.1427841838258208, -0.1323036182290036, 0.1946575725403246
0.23108969079900166, 0.9946201846825815, 1.0211129991198775
-0.03907197468911994, 0.0037864226600006212, 0.039255015000218704
-0.6265565300238609, -0.2969319210844463, 0.6933553569955605
0.3481502368619904, -0.514705355777771, 0.6213937485148864
0.08750952068697204, -0.5092505298487269, 0.5167146391985354
0.6003532328188326, -0.7539631012361148, 0.9637864712588589
0.30567980287038377, -0.1429311139201921, 0.3374454699789932
0.8763897272437846, -0.2527825105606678, 0.912117290519037
0.2242713093801305, 0.8300381272277277, 0.8598028337140974
-0.9551148922724144, 0.30719750812227753, 1.003301931841598
-0.25210351016438004, 0.642287377236394, 0.6899922135752022
-0.2159646826012318, 0.788961535918242, 0.8179859713280676
-0.1575585409261937, 0.0061776980505880985, 0.1576796048066943
-0.5498482653206707, 0.9677186694708504, 1.1130195587313745
-0.05253141684217244, 0.1882800176463335, 0.19547100756979216
0.46646320815039277, -0.958277364041817, 1.0657783216940049
-0.17544219248543813, 0.32053052761216305, 0.3654035878797978
-0.6106856587027931, 0.2764886759758325, 0.6703603222805875
-0.6349956104085157, 0.999290982865586, 1.1839771508245218
0.03812471941167339, -0.08778470936196481, 0.09570605742576307
-0.622747630174773, -0.8140989879253511, 1.0249740352952248
0.7495072619756495, -0.3735706059206305, 0.8374461972939766
-0.7025103663622159, -0.9073757953101387, 1.1475415673347442
-0.6317657027324459, -0.718500973875785, 0.956750517433606
0.3439021318451474, -0.9393064296527267, 1.000282582610829
0.12311980561728464, 0.8570973170108638, 0.8658950845006912
-0.5060492555452114, -0.4778491176794868, 0.6960069168513533
0.23561593154588745, 0.05677647143820863, 0.2423601347317872
0.875670926361837, 0.4554768157142073, 0.9870454401538723
0.1632380547295682, 0.9163302102859383, 0.9307565292785033
0.2260003930596377, -0.7492255814256228, 0.7825695812678086
-0.6466310325871341, 0.899789154868065, 1.1080398077338602
0.5909007486973177, -0.03898816773653668, 0.5921855891817217
0.6528605545061483, -0.7877140441109616, 1.0230935044851577
-0.7459492471151163, -0.5830474611089744, 0.9467759086379575
-0.5183560081652894, 0.8384615987335624, 0.9857539265718879
-0.1973611857758717, -0.5158235869111811, 0.5522910559340745
-0.7089371767710893, -0.9696417426364539, 1.2011648636516228
0.49082826934749146, 0.6729982159472023, 0.8329699806468243
-0.8239968044428903, -0.40024789135774896, 0.9160617382406162
0.33695464035898626, 0.3033764524355529, 0.4534045671934007
-0.7610513877461054, 0.45889976742379446, 0.8887002933114658
0.6888994021763966, 0.45896396215066826, 0.8277863884312405
0.8178207320743167, -0.8344714563935365, 1.1684063340063342
-0.2493575194753952, -0.7533260795107262, 0.7935233799894765
-0.9614469982992573, 0.0916957418605091, 0.9658097326150742
0.8336592938377521, 0.29365408293114115, 0.8838668104551664
0.8033629772102902, -0.17613533174622154, 0.8224449697344697
0.5938422096188749, -0.9946265528997766, 1.1584172606009977
0.8485677846173891, -0.9482681503673183, 1.2725092416526957
0.5021365374521003, -0.57045006540727, 0.7599699858333505
-0.9090410547855194, 0.33927047322075654, 0.9702886649265805
0.72501765516401, 0.7506959645147888, 1.043645069666076
0.3193668030139398, 0.5169834739729102, 0.6076734873502738
-0.5977079214154319, -0.1927718105506031, 0.6280252624422953
-0.24387273280480115, -0.23593420057135095, 0.33932117058168415
-0.9575886417099428, -0.5786036244805146, 1.1188199859646242
-0.9532144378007807, 0.29179503944314167, 0.9968761755982952
-0.3796942042158873, -0.026299810311916083, 0.3806039526037252
-0.8485448685833412, 0.5379706849304668, 1.0047093369943743
0.7572913193038966, 0.5237226831578743, 0.9207473003746031
0.8700878798549914, -0.7851886937411667, 1.1719958205768115
0.8453482724644594, 0.9296933996528878, 1.2565601931928252
0.7457888021590524, 0.34301841172756586, 0.8208913254566259
0.7461123717445477, -0.1796490975124032, 0.767435645189416
-0.1543203838946119, -0.03518212419479694, 0.15828001373590572
-0.5736284184645186, -0.6690540760101007, 0.8812961585618279
-0.09793732666111499, -0.9445521306624853, 0.9496159473663902
0.2966735285350459, -0.7073519101738786, 0.7670475261416788
-0.859537175036952, 0.19634806217894685, 0.8816783522305237
0.7532552237868246, 0.6305132878165993, 0.982313818632028
-0.5167646484843202, 0.8085438059723462, 0.9595774007860804
-0.038770909015180655, -0.16690470717247097, 0.17134866402219684
-0.24363471222177302, -0.7374779797656603, 0.7766798849195373
-0.7608942912122922, 0.456445321864013, 0.8873006560636586
-0.15081865511386572, -0.663310061012601, 0.6802400339372093
-0.5541566582303881, 0.6916219490991309, 0.8862451818412058
0.0283506783481855, 0.10832811235036655, 0.11197651936096206
-0.3792699654733256, -0.5482852790117752, 0.6666801736148733
-0.5848046126314728, 0.8139124456070412, 1.002222482320708
-0.837483616807849, -0.9560824996982751, 1.2710124132560068
-0.9220810019865289, 0.11911113667244999, 0.9297423498496151
-0.5242951015507136, 0.09643967858291025, 0.5330909538861526
0.235360139639323, 0.3895167870874321, 0.455101881729748
-0.9594884967338406, 0.6034584809541896, 1.133481501216541
0.2598027989260896, -0.740787800998163, 0.7850248788653287
-0.6334309619117193, -0.626420744323829, 0.8908634757512658
0.8275413118235204, 0.9284411960658601, 1.243715271807337
0.2884798942073623, -0.5590726496279816, 0.6291127696398658
-0.8562375308159036, 0.03006102306623326, 0.8567650636466826
0.31416465892435763, 0.30082406250699223, 0.43496499801739075
-0.10862802528408455, 0.8737922938080949, 0.8805186088865651
0.23995197636496401, 0.9733586414696862, 1.0024988757525692
-0.3164993655715973, 0.6899965500425702, 0.759122577373294
-0.7077128245320621, 0.700058479616191, 0.9954593496922324
0.07903605377174694, -0.7840022029111271, 0.7879759843836045
-0.31483056157457456, -0.16677120953118707, 0.3562736572213234
-0.27068330260989226, 0.09025230893648262, 0.28533301522986226
0.8789789601018589, 0.08260323641711298, 0.882851803514229
0.6370689657194679, -0.7081208998896928, 0.9525188060838804
0.09077908222971676, 0.7881699287869854, 0.7933805382126231
0.5908295656413107, -0.7176876874490812, 0.9295994795350898
0.22851571028979278, -0.7820763237181154, 0.8147777647737394
0.22861694108704933, -0.26904380881496204, 0.3530584609008276
-0.7222635503959567, 0.10293173968114, 0.7295612237943836
0.367372146007104, 0.1722091237734007, 0.40573177836184754
-0.15289305797216346, -0.4819417637818255, 0.5056126490241479
0.6486148496094422, 0.8144205725226084, 1.0411446067102939
0.46707940789719915, -0.703302138080381, 0.8442731019699925
0.6659376483273474, 0.026778364327626036, 0.6664758302112844
0.985840626273911, 0.3812404185906577, 1.0569891187610765
0.33339665892108883, 0.30029558246245514, 0.4486989737298382
-0.5615653103484601, 0.2702745437816394, 0.6232206084550924
-0.1996525227398469, -0.6467402748819653, 0.6768560504204606
-0.5240177964436825, -0.12894848717401142, 0.5396502231391727
0.7825341864130237, -0.49234426151199373, 0.9245337336997951
0.8838356777540257, 0.5086845555235904, 1.0197673667553548
0.8006238307667428, -0.818724579993513, 1.1451237733438113
-0.4352190790574786, 0.21409930478952988, 0.48503005998288373
0.5606853982424325, -0.5495212979749604, 0.7850743740120171
-0.1916959778362699, 0.7125330436309063, 0.7378690169566187
-0.10977158838220236, -0.04015538058263268, 0.1168856544050113
-0.43024028589886654, -0.9414122298139749, 1.0350669978574618
-0.9351072469789927, 0.986867090099679, 1.3595338233653618
0.6089682557298204, 0.5585618600332867, 0.8263375145607664
0.6495563305461434, 0.35013790827103075, 0.7379159717481275
-0.4252350746158242, 0.08549016533416087, 0.43374351528569016
-0.8147354015211148, -0.17998479254618793, 0.834378990650931
0.7402472484395739, -0.6181916398297098, 0.9644308644883292
-0.9563096999301615, 0.9799908608461687, 1.3692736503425933
-0.7254275826301155, 0.19085533631182372, 0.7501139493698756
-0.6038767638380993, 0.5592628950339373, 0.823068728397159
0.978582108901902, -0.853752717552525, 1.2986595576174749
0.8766587613158152, -0.23327604258586487, 0.9071649771878882
-0.7269722541045522, -0.41177200915617473, 0.8354907813748554
-0.8197155173049573, -0.35381275395178524, 0.8928140871253546
0.9359016156757778, -0.5843904052325231, 1.1033693760261627
-0.9886840268037089, -0.2517072636900446, 1.0202218638370415
0.9251687478408812, 0.39684099619126356, 1.0066876319094908
-0.9705851291935406, -0.37891318215997627, 1.0419264334041254
0.7536876788495335, -0.9814439681882028, 1.2374479301944803
-0.3213469739412409, -0.9885297503678789, 1.0394493470215727
-0.7407164457497977, -0.3771331705014276, 0.8311980999116106
-0.4922202653371641, 0.7085078573259747, 0.8627074669325819
-0.6677447384731816, -0.020148160402797544, 0.6680486390422741
-0.9739240121484505, -0.025704292627389824, 0.974263153413291
-0.5955753235340286, -0.028034292920043002, 0.596234758783979
-0.508445420308089, -0.8774232423636465, 1.0140948139460155
0.08149624229484909, -0.0702227887397946, 0.10757730971991525
0.6851374658492895, 0.16696214406660892, 0.7051877088135509
-0.21233248588570386, -0.8955787921133935, 0.9204055939886978
0.19397174682692175, 0.7638399827982885, 0.788084105846817
0.5906867046377, 0.3570914895445605, 0.6902355503311159
-0.1391157536741272, -0.5411212490449175, 0.5587176380679709
0.06516959247326692, -0.7183444777483896, 0.7212945753953361
-0.56800408516827, 0.6630958919990342, 0.8731121364142398
-0.06234424987083553, 0.41397948924486716, 0.4186476119690619
-0.10635158509001319, 0.7170149862585327, 0.7248594002773794
0.70800246803654, -0.23189840561288744, 0.7450129967132326
-0.8215889069935602, 0.7940483416190356, 1.142594022793229
0.4993952802225512, 0.39313103457830323, 0.63556876595469
0.38602635856745526, -0.6228834587581038, 0.7328029426137069
-0.038159502204757834, 0.43218119952663847, 0.4338625782811869
0.5148625352156924, 0.044924507785659706, 0.5168187705264911
0.9574152641139602, 0.6027046645171705, 1.1313252850480975
0.7554330243975096, -0.6005930156348596, 0.9650860193680888
0.8740217854156687, -0.08160606930356451, 0.8778232350128193
0.24033827190895418, -0.3890296571410967, 0.4572817064780765
0.3676040407112917, 0.4101072612658294, 0.5507455823610647
0.32358068335254364, 0.7836383665714104, 0.8478169308297677
0.3928831519791547, -0.11337934944398076, 0.4089156979004546
-0.296878849442767, 0.5335894246080557, 0.6106183139245146
0.7935196981253241, 0.1925996007945383, 0.8165587042822586
-0.8131783438385936, 0.47076093775045913, 0.9396142183895312
-0.3054529214534636, -0.7520078654664235, 0.8116756229848364
-0.8500636415033258, -0.45420563805598446, 0.963800267818877
-0.9165992899202211, -0.9066545447373608, 1.28925432780936
-0.1348833740621831, -0.47449533733868465, 0.4932943844749816
-0.8675663414490138, -0.03622044890115372, 0.868322104828518
0.2948921877937718, -0.4668839669229943, 0.5522155747455415
-0.9531998559077441, 0.011777953616580517, 0.9532726186636951
0.33716760774818955, 0.07371170951211714, 0.34513100676965514
-0.5440592597855305, 0.34555801660339003, 0.6445237163962612
-0.9304043710539851, 0.3183285462747638, 0.9833541361329426
-0.5464429546345728, 0.08029393142784214, 0.5523106174010245
-0.18545050727182133, -0.432933574594597, 0.4709812848284222
0.6528470976959673, 0.7762875567656193, 1.0143134149557436
-0.3343635681388475, -0.29377511025158864, 0.4450874196176239
-0.7697707986064066, 0.6012698058816228, 0.9767663291965328
0.4619311299414428, -0.21388539741221146, 0.5090455107700663
-0.6483352117215455, -0.18029588249926332, 0.6729377029147716
-0.7048743491486471, -0.6189801384580054, 0.9380747624220686
-0.6184685102256211, -0.6790967795703349, 0.9185182274530534
-0.10964345727997915, 0.03858558424583158, 0.11623482712121518
-0.5000006639766652, 0.5251280995345649, 0.7250932249703412
0.42096826913849417, 0.8947491469402116, 0.9888328066825534
-0.8450327245497353, -0.1718692298683897, 0.8623336580091852
-0.16833533423642688, 0.7969685243881606, 0.8145524007809023
-0.1936301399768834, -0.5699797538173681, 0.601971387085113
-0.39351043726999113, 0.31054479890193765, 0.5012868803045463
0.7305730513481468, -0.01774985425219655, 0.7307886429619141
-0.5569352138257517, -0.5072501681881247, 0.7533123957071307
0.9453215467948555, -0.2862933252748301, 0.9877229849160836
0.01392098866683944, 0.2924074618240071, 0.29273865077201616
-0.6515478815509039, 0.8738779690323104, 1.0900354795663791
-0.945314231701291, 0.08332979495233639, 0.9489799004108573
0.4663217571990259, 0.767389377998352, 0.8979657224537498
-0.9795061580100608, -0.7341705383310977, 1.2241073045011226
-0.4092513244354745, -0.6805683768999029, 0.7941410216002939
-0.5466928099520174, -0.7851925648091949, 0.9567655889949608
0.5307958755791327, -0.24429415965170187, 0.5843148962432408
-0.29351931295746914, 0.6181516812160766, 0.6842989756453582
-0.5659691751774762, -0.9677467209593509, 1.121095367566314
0.4632898998186974, -0.34141357246417003, 0.5755004419952827
0.29839293375358844, -0.8960429056642247, 0.9444211093073154
0.5146647299623661, -0.5657747507829936, 0.7648404100796412
-0.7292617300015112, -0.8039045852176423, 1.0853963575481294
-0.09218910324219265, -0.7263039914109288, 0.7321313534442069
0.8680235742935731, 0.6437973871786637, 1.0807127283730236
-0.3229865780574437, 0.4582042858968465, 0.560599230484217
0.8224196714368739, 0.20783092903438782, 0.8482734294021194
-0.5498272827759796, 0.10646423412431205, 0.560039886108564
-0.7838678067291556, 0.8967951705538388, 1.1910878709629553
-0.7599328345354952, -0.8528404294142622, 1.1422936185800285
0.7494810160023577, 0.8484417660557912, 1.1320667929657668
0.8578410991131957, -0.7060575280083488, 1.1110394161257269
-0.7166554168480468, 0.5287873323520063, 0.8906239550750916
0.9328162877094586, 0.3668492694333729, 1.0023595228758266
-0.7722637934407579, 0.924101971916506, 1.2043071955109645
0.8287480405421601, 0.25342699508507605, 0.8666305767397784
0.1507374275377391, -0.7490357463062081, 0.7640525644909473
0.6349110122425985, -0.20084787836717255, 0.6659218150139816
-0.4551395262403819, 0.8816145117709537, 0.9921673929894372
-0.25358509586485023, 0.006420946527151639, 0.25366637419865057
-0.612682266205717, 0.8674126280541354, 1.061971857739533
-0.31073026753195476, -0.21039571254307887, 0.37525945027006324
0.1265658505089402, -0.8934637128984015, 0.9023836882287094
-0.49732505039456765, -0.022915506937729813, 0.4978527153769199
0.009871591693801696, -0.3482630526478214, 0.34840293075998713
0.1760433570090023, -0.262775139977812, 0.3162942265318128
-0.4966523800338418, -0.18906474283225871, 0.5314217379591352
0.11187216418618484, 0.8653513080534969, 0.8725527304808569
0.37648054607450554, -0.26453000876863464, 0.4601235998204089
0.902370054896622, -0.26258554264162237, 0.9397993845382789
0.05335982391867056, -0.835202974365141, 0.8369057767735923
0.1593661636511028, -0.38787103316782146, 0.4193346068327098
-0.7777565736038798, 0.35143705061830044, 0.8534713166424149
0.24315666998843555, 0.3250780963273525, 0.40595681404760336
-0.14628324956030236, -0.28481874410740704, 0.32018823541292446
0.6189343809118566, 0.3445939162839342, 0.7083958886206513
-0.9017960407476115, -0.7674204273014864, 1.1841326831684293
-0.11052165327603647, -0.08301470988864734, 0.13822618384649382
-0.2659837042659958, -0.6483742543272186, 0.7008113188365592
-0.482943217796614, 0.43187986624503627, 0.6478845348390238
0.8309776427980646, -0.18240419973957844, 0.850761502956536
-0.11556731015698962, -0.8978214340353607, 0.9052287725156738
-0.38881257563746563, -0.7520352278751945, 0.8466003797182798
0.9316988632336516, -0.5910025812725306, 1.103334411147261
0.1734686152729945, -0.6717464955568975, 0.6937829017622898
0.7570054017418375, 0.7133846541223445, 1.0401801973713871
0.5973263086250307, 0.11924608877066167, 0.609112755294704
0.84114813540628, 0.9489704000478174, 1.2680989732132015
-0.06281739440569689, 0.7867011832355166, 0.789205155041503
0.5863253062881395, -0.38569135076563343, 0.7018085086754787
0.6358768493671265, -0.1551631447538342, 0.6545341618670202
-0.5044079363575278, -0.4264848285392595, 0.6605427126496979
0.5873782159535281, -0.8025739756146342, 0.9945542493552721
-0.7820672582833053, -0.35981489961644275, 0.8608693039391967
-0.41521323393626597, 0.008151238816686002, 0.41529323655708505
0.6629048984090926, -0.7637432701003282, 1.0113093923020353
0.8907351164675963, 0.2904861981745137, 0.9369051601087621
-0.024172663689186358, -0.49248795324328465, 0.4930808268018442
0.9577601462598933, 0.44708649757508745, 1.0569724850145017
0.1952593215622791, 0.22462909718806645, 0.29763137260794154
0.6762265158643193, 0.5558105155059914, 0.8753328680593642
-0.94610203721189, 0.4073564506651588, 1.0300720085096016
0.7281440918587034, -0.8485871094185873, 1.1181654174495512
-0.057560317028279684, 0.39572988858090064, 0.3998941545117259
0.30312174407684744, 0.2577147817431613, 0.39786894885265306
0.8534953809579506, -0.7601900336582881, 1.142953740354327
-0.06773452889506348, -0.7459077922801862, 0.7489769028407602
0.5816316263681784, -0.32420471835104014, 0.6658859122948687
-0.6037981632399376, -6.744437775221268E-4, 0.6037985399173563
-0.12146377548823972, -0.5357043686080241, 0.5493019381920832
0.9165576672002089, -0.01892226944868014, 0.9167529708621496
-0.7362939691173183, 0.8361147321518372, 1.1140990325280211
0.16729135949652552, 0.18014277917529586, 0.2458410459040458
0.7808013899720065, 0.7256463932618487, 1.0659331586155611
-0.8248013998647916, 0.7004432210050062, 1.0820896705314158
0.7586135459055865, -0.7474526866626596, 1.0649788875046657
0.5358460290785516, -0.16493065856468636, 0.5606541616842179
0.9735665674342557, -0.2317281746791089, 1.000764611767338
0.7693908692370242, -0.9656947855200335, 1.2347180765040606
-0.6521314798100113, 0.8428735499378495, 1.065697559415441
-0.7676730303428481, 0.7883614100951319, 1.1003797501058241
0.32519991565033535, -0.670398052419698, 0.7451097461630127
0.005602521430330354, 0.31241116431009286, 0.31246139574668286
0.39051644653381024, 0.45321016577938433, 0.5982495711483389
0.5543383670161075, -0.0856215364021784, 0.5609118225193281
0.18410643304230856, -0.6929555867821546, 0.7169955536404409
0.8937436492955719, -0.6818179106778279, 1.1241233802288986
0.8801826502547783, 0.7682331148500767, 1.1682908955229327
-0.42740496851652354, -0.5172346559537746, 0.6709744379871934
0.012210292084219976, -0.7349832757738737, 0.7350846936918738
-0.8512469147448691, -0.9560342377762043, 1.2800870180042396
-0.8085219976844156, 0.2902890062777621, 0.8590550203015688
0.9085276579227841, 0.4735236507783904, 1.0245228904505523
-0.3997708821800554, -0.42931420859048863, 0.5866237703474838
0.4180042912410131, 0.7490202441316589, 0.8577639031895383
-0.11076452870349018, -0.06932267566626282, 0.13066910185822878
-0.033942988782732275, -0.7790972448357958, 0.7798362926911216
-0.6096585647947972, 0.7103293159008615, 0.9360829571442041
-0.10721629914742792, -0.5708585606351249, 0.5808397636640222
0.6409340626184252, 0.4141078244267453, 0.7630738908362751
0.9678119175980395, -0.019687045249232815, 0.968012131946413
0.033720627492464406, -0.8470457274085468, 0.8477166655431281
-0.0450980337196174, 0.36245289352162735, 0.3652477688741929
0.9780846471724616, -0.8619406507842045, 1.3036837279450781
0.6021865275398186, -0.7730450456284805, 0.9799118616085858
0.7184003706724837, -0.8026092530813538, 1.07716326790054
-0.4910788999042297, 0.4975443182362107, 0.6990771306088365
0.5184962962986128, -0.6050752013298657, 0.7968402653855767
-0.4005108106976176, 0.6922206252244272, 0.7997363962405111
0.09030443507268182, -0.27361263262685, 0.28812976890073644
0.08778174156644525, -0.6799514269192328, 0.6855943240152583
0.007627939037581299, 0.19780086913627448, 0.1979478953791291
0.35760253059948743, -0.8741599815563617, 0.9444761739958165
