X; Y; Expected result
0.7344553322386749; 0.37518040782138895; 0.8247332741358542
-0.526850453679806; -0.6321652076821762; 0.822924206927021
0.3316909864391677; -0.8088737752156445; 0.8742400669819459
0.7748689018759738; -0.45831656203614446; 0.9002643423634574
0.14551620739882254; -0.9729956818329728; 0.9838168343148783
0.8213859621716133; 0.6418002716578759; 1.0423926743567944
0.16022104022084083; 0.11448228838311914; 0.19691870424843838
0.3841059801280695; -0.28745702831829467; 0.4797592595247431
0.9195861642815424; 0.885064360382648; 1.2763140818613519
0.9943477627376869; -0.6086799445460649; 1.1658553718854
-0.4624300848199068; -0.6445579826656895; 0.7932821543212789
0.3160774756837774; -0.16398266943421058; 0.35608325783361183
-0.9630551708773987; -0.571754929098442; 1.1199906075954655
-0.6126934059453211; 0.736783303164424; 0.9582498867783693
0.42299764441040977; 0.8268319095063625; 0.9287507812942571
-0.07069360366874511; 0.45104674596692607; 0.4565531213857007
0.16876616667501598; -0.2588443650421539; 0.30900230472968176
-0.7994169863171627; -0.9828796282798828; 1.2669332585815305
0.07869536167666524; -0.02274109393832724; 0.0819153056695327
-0.34610398018530764; -0.8448467777454065; 0.9129918088169839
0.5361683871267875; -0.7501319562951487; 0.9220490720180393
-0.04293186265482141; -0.7533869076388549; 0.754609155412687
0.9665281228690525; -0.725969996762782; 1.2088048016518331
0.7446003572551849; -0.7414120603817556; 1.0507718759578926
-0.5554230125602455; -0.42221678101266846; 0.6976831179340649
0.13443344019308223; -0.5559822102590952; 0.5720039929639791
0.8431686124115938; -0.40762227238801496; 0.9365304191017297
-0.2318119323534733; 0.30553189108580403; 0.38351858944765493
0.17272094134381888; 0.288088681543448; 0.33589821674450304
-0.7342980664636582; -0.3292332527271147; 0.8047286406693521
0.2547981072591883; 0.21553579257713107; 0.3337330570152092
-0.6875674046574451; 0.7582565670885328; 1.0235731324533004
0.5570417843265996; 0.8830395482697828; 1.0440567002295729
-0.40888349682192726; 0.5398977855646294; 0.6772557366541221
-0.817023076815343; -0.049060152124460465; 0.8184947199434368
-0.27494179826958276; 0.730086785658405; 0.7801408251262933
0.3563817522314603; 0.5451945656154169; 0.6513409765246995
0.5961171713190259; -0.4046676657604391; 0.7204939983465506
0.9668759665032192; 0.9281621428661024; 1.340273889192552
-0.23123007224790393; 0.047399978632960416; 0.23603835342201482
0.19595503262763536; -0.011783937131398137; 0.1963090318513501
-0.3528996635889714; -0.2745670332516925; 0.44712999039411927
-0.36853900423788866; -0.5843144145556403; 0.6908287289206748
-0.823878234282023; -0.007059808046737892; 0.8239084814549009
0.37950994546218686; 0.020214981566883505; 0.38004794984904405
0.39605869287331674; -0.9697878990733138; 1.0475452531463985
0.4413840803348621; 0.02150288498509023; 0.4419075473848959
-0.9561900356120105; -0.7975701046561159; 1.2451576028940536
-0.04779547569552545; -0.7046410763701696; 0.7062601886026656
0.32355196873519976; -0.4435674388742903; 0.5490336504276591
0.4403479625209088; 0.40899855527056594; 0.6009876423935236
-0.5938752898260315; -0.43844285034796604; 0.7381869633684964
-0.46026981469922834; 0.36146632024929803; 0.5852402950906833
-0.6768138601114346; -0.6143739808212021; 0.9140746083055975
0.015514045085088801; -0.41062068336760493; 0.4109136541953565
-0.7371725645721436; -0.6516360338014919; 0.9838967987072681
-0.35661693839368613; 0.16127906797147928; 0.391390570293965
0.39579635071917285; -0.012224204216940704; 0.39598507852108766
-0.4723933316658875; -0.09917963537514662; 0.48269251068930435
0.0442337235828123; 0.5578362826700638; 0.5595872948568043
0.34742299779911745; -0.9888346506862757; 1.048091935756389
-0.677606902270854; 0.3984127710128158; 0.7860558823081302
-0.9597162866535216; 0.3224595476754668; 1.012440373925838
-0.6240982175698437; 0.11669705976142053; 0.6349147887164203
-0.7351199426605055; -0.8074430932685186; 1.0919549802827122
0.9589621250035507; 0.6846232227869824; 1.178268778492649
-0.8395601862245714; -0.7910477354689944; 1.1535240899452692
0.652030679564571; -0.633023319646256; 0.9087697895008406
0.31351431443177447; -0.13125172216921754; 0.3398797433299181
-0.5291280944909296; 0.6547831174763772; 0.8418535925632706
-0.7868226233406828; 0.1461985006607156; 0.8002898488648692
-0.8068342849761934; -0.5847690398015954; 0.9964619377194119
0.58391158697646; -0.9932694502700194; 1.1521878936376109
0.5162940347015845; -0.07731420499090058; 0.5220507796774333
-0.9673442969387644; 0.210760239213164; 0.9900378110219541
0.37855481193532015; -0.17185668227677708; 0.4157384573052711
0.5988750271328422; -0.20515233726758808; 0.6330393191656556
0.35417368215050726; 0.9654798876189292; 1.0283921482220237
0.22984089651418782; -0.33083018910051765; 0.4028342732821152
-0.2995964526764163; -0.3546071299019553; 0.46422435420127883
0.6886629128236295; 0.4326524488276664; 0.8132925359151542
0.5807264036776294; -0.9840525179298449; 1.142629648649299
-0.2623847459646944; -0.31081286248453566; 0.4067559346841642
0.13063014282629282; -0.9379641588252343; 0.9470168939652276
0.7021461433595071; 0.05694981813334388; 0.7044519063925162
0.2517253215887394; 0.905371772323917; 0.9397146820444516
-0.6172416280347166; -0.762062988195507; 0.9806769220066377
0.9549587991059196; 0.04391933058525255; 0.9559682084613885
0.9153734557563615; -0.8299804913027247; 1.2356278482805638
-0.27952254145841504; 0.964750123821196; 1.004428022606092
0.3871636525156157; -0.5761478911407651; 0.6941484612784093
0.8798176294675886; -0.30498235422643294; 0.931178445579291
0.7699654262940179; 0.15478934391695764; 0.7853702939877284
0.2463850922324886; -0.30936751678922336; 0.3954919393852956
0.7382312575932615; 0.7843161262158342; 1.0770966416853878
-0.31945662746590253; 0.29942365424193307; 0.43784364966444483
0.05933583057936809; 0.14609568864325762; 0.1576854179392982
-0.16751242850682346; 0.11086379074917807; 0.20087606578069767
-0.8887257755075402; -0.6874959831068932; 1.1236032355060181
-0.9223552617154205; -0.966135759852562; 1.3357235998813561
-0.688791681231824; -0.8207754996645638; 1.071497270637577
0.432601501119539; -0.24661671684931608; 0.49795970098032455
0.06288150925176872; -0.267189611887952; 0.27448929470311717
-0.5466094655637264; 0.7995298135015205; 0.9685194012107546
-0.39560914703981376; -0.755822761984779; 0.8530970898765678
0.7297018802091015; 0.024048783759097914; 0.7300980605240572
-0.3736876110759071; 0.6113819000251615; 0.7165404792124412
-0.601975517778147; -0.9469011634908451; 1.1220500601241392
-0.6615884952488291; -0.6388653879844555; 0.9197001255899332
0.3845980348718083; -0.3309103557494948; 0.5073630967753902
0.617310127193923; -0.44303187846545855; 0.7598348757939518
0.3260725655339163; 0.6611912523028802; 0.7372226191020735
0.2850981392619849; -0.2146994705381462; 0.3568988815617197
0.3490490390882699; -0.7779334527761859; 0.8526521498458342
-0.4383123456040159; 0.14461680781236863; 0.4615536083823133
-0.059196055916531876; -0.5641852325102428; 0.5672822486370518
-0.6182744572506034; -0.14356169124453166; 0.6347229818444566
-0.7517316765421242; -0.9428588075356632; 1.205853740909073
-0.858012053322055; 0.21912533553680458; 0.8855510128276327
0.4147450993825612; -0.3018577453249722; 0.5129635424418839
0.1123285875144997; -0.9408730419966971; 0.9475546383872125
0.3092332365184802; -0.8827603898498826; 0.9353561356272866
-0.5782845439012676; -0.2414532679342547; 0.6266679298569762
0.14479244283629344; 0.04208944504928591; 0.1507858510837743
0.6172056746413639; -0.6683608205852385; 0.9097521812575524
-0.40241223380615887; 0.4483179045914727; 0.6024321949349583
0.884171034563819; 0.9189079431851324; 1.275205954507108
0.5976964905238269; -0.9142001434598617; 1.0922467656562462
-0.22750297767708094; 0.28947355735468316; 0.36817461245924255
-0.2981600447869508; 0.7050279281568852; 0.7654827181514594
-0.10017514773076086; -0.7944379779877175; 0.8007288936288568
0.1221059891054519; 0.2314857071458356; 0.2617164595286821
0.3927191772079548; 0.1753638152772674; 0.43009396630909924
0.8728024830047894; 0.4447645154147086; 0.9795915722950082
-0.9278127159806229; 0.7794108710194059; 1.211741615113787
-0.07820330349961724; -0.14865577367831984; 0.167971115749563
-0.7366109213786105; 0.7457664745058645; 1.048219101138284
0.14758830229687514; 0.9372870005176586; 0.9488357225116807
-0.11158491631134648; 0.1229289250940584; 0.1660202221808862
0.71130654829478; 0.2800370210978853; 0.7644460339568854
-0.5808594865898262; -0.4048170103308235; 0.7080074540671042
0.6428679328446785; -0.728918576036953; 0.9719061012112894
0.47364472211440733; 0.9116525476736892; 1.0273508117808454
-0.4892587065271101; -0.6541667202093575; 0.8168893313919877
0.7790559476775698; 0.6913939309249839; 1.0416111257718486
0.592467303760263; 0.932801570811953; 1.105050350225818
-0.08773680385699434; 0.1761518564989195; 0.1967923354682713
0.5313019847745577; -0.2846911820315887; 0.6027693324580536
0.38585437972693803; 0.20526112828965282; 0.4370534671424097
-0.6065157932334906; -0.8981587666548076; 1.083766846494455
0.4430213544113999; -0.8931093826086336; 0.9969514982024381
-0.7594233609293886; -0.3476269637177778; 0.8352055717180829
0.44214460194936445; 0.6513860724112679; 0.7872710234502089
-0.8317396969624089; -0.016431516544405556; 0.8319019883610501
0.2774849966228268; 0.49727453066922767; 0.5694557772145883
0.6810961112996805; 0.8032053283357086; 1.0531052712309534
0.2820869526872689; -0.99093268565199; 1.0303012357412056
-0.46358257320390006; 0.8241201983833886; 0.9455595716621059
0.7669575869240355; -0.15618749911083585; 0.7826994793781562
0.12328036863083369; 0.9892373926344828; 0.9968894965220689
0.568891424755831; 0.3807258400530289; 0.6845360607336942
0.7950877626588186; -0.1606118489350754; 0.811147777133211
-0.740101109673482; 0.985132749813723; 1.2321672724494295
0.926295987954425; -0.637464375891529; 1.124448792889761
-0.545856848658097; -0.15172925274856364; 0.5665522618140238
0.4928630600123085; -0.31992172696328547; 0.587591616097326
-0.31149119709298656; 0.7844631764476848; 0.8440433881435322
-0.5881810284452447; 0.8837285135825363; 1.0615710093732331
0.0654833910927024; 0.8299491154513483; 0.8325284432062819
0.3491834762057755; -0.3606407686369222; 0.5019869162221058
-0.524693008515787; -0.4374176573044082; 0.6831083077426481
-0.19253521045142907; -0.5038831889671032; 0.5394145672738487
-0.17280364594049225; 0.33752649447320526; 0.3791902352668086
-0.3863187231653926; -0.544912404692619; 0.6679608406606123
0.14620391008256384; 0.8942941169363974; 0.9061664035432351
0.032894137806527946; 0.23891033465804656; 0.2411642019630083
0.6052024708053461; 0.10319037530718012; 0.6139367102763382
-0.583961373143491; -0.07166842250441663; 0.588342798126996
0.8132991163480026; 0.9518781897719188; 1.2520094012490108
-0.28852529616979794; 0.7126374107948892; 0.7688295817632885
0.23608510815328798; 0.6621933837997993; 0.7030193851096697
-0.21286548260755134; -0.9155328188249208; 0.9399532201291992
-0.22910734078289186; 0.10150997111934257; 0.2505882037073132
0.06579427450234632; 0.2344495484980491; 0.2435066269082408
-0.4700042204521204; 0.5100277417460228; 0.6935648957331629
-0.4880868194983665; -0.6841304747165176; 0.8403946988194765
0.9583755299824441; -0.044792098455083584; 0.9594216948522378
0.11871409064746508; -0.48212712851005235; 0.49652754542281247
-0.9382719277418108; 0.585264200490859; 1.1058428436104917
0.8113433800335341; -0.8064898191731831; 1.1439859740198886
-0.09433030991047242; 0.2975313436813949; 0.3121267496397291
-0.4702477677085397; 0.08516495681935954; 0.4778975129720891
0.8617489725289633; 0.4119772508175237; 0.955163099604402
-0.8116637832119906; 0.2824086413306557; 0.8593909108643332
-0.1072762956584894; 0.6530354075265439; 0.6617880681106051
0.8381268926249399; 0.5034184873138372; 0.9776946668109066
0.9337503378178678; 0.9750825990136949; 1.3500650977913191
0.554284695761468; -0.035926591541012076; 0.5554477868667206
-0.1682244756473299; -0.14394463954786896; 0.22140355340731324
-0.7065291441009929; -0.554310653630812; 0.8980221223292328
-0.10606248762559267; -0.47220994348217205; 0.48397467082975026
0.806673787691784; -0.04572290338940399; 0.8079685536228289
-0.394879893613042; -0.8900209941701058; 0.9736875784579934
0.06279565288785105; -0.28327604898354486; 0.2901527424466968
-0.29509243515227346; 0.5152123878203057; 0.5937367681452781
-0.7352642386840575; -0.8845237525962764; 1.1502155318002993
-0.0591420514983676; 0.44409688096583944; 0.4480176580660884
-0.820965484169417; -0.3755164333238441; 0.9027717972410227
-0.23822158301080054; -0.8346693729802201; 0.86799912719044
0.5082450988193992; 0.9461938614464878; 1.0740558197379484
0.8464249701835553; 0.22129251507702286; 0.8748746238058039
0.7117304343928428; 0.6591861992988437; 0.9700962099642899
0.7143774037016382; -0.48229240076814706; 0.861940273312598
0.6386249719818342; 0.01823576246366687; 0.638885277551009
0.23994165220474506; 0.5081366167419528; 0.561938446572844
-0.060551461123957706; 0.6294293287744821; 0.6323351637903283
0.6865811419548009; -0.45055868279189837; 0.8212166529772329
0.3633651425049047; 0.873169365683089; 0.945758408873544
0.5222728650820965; 0.5726282455138527; 0.7750303562837619
0.494000218308418; 0.099550123530733; 0.503930990100578
0.18379975392879966; -0.7751241199112651; 0.7966176942627502
0.9381623957086234; 0.027620929490714374; 0.9385689087476073
-0.35618028439882776; 0.10864401964336623; 0.3723814146794896
0.8348597191084892; 0.16996984361032563; 0.8519862078266432
-0.2698539461743925; -0.870073314311598; 0.9109603309382142
-0.6411143192703037; 0.8331635822336723; 1.0512797558851166
0.7437996421944861; -0.43927473522306926; 0.8638288029082749
-0.7182824560101457; -0.0997630260645952; 0.7251774596480036
-0.6366418782808505; -0.1789365319698406; 0.6613101871696542
-0.7047608067774322; 0.7092811503729843; 0.999883765766802
0.003996620198370104; -0.07060075598633575; 0.07071378733211893
0.6995193397303603; 0.8528543679506755; 1.1030357562605781
0.6681590910019859; 0.9951872125116392; 1.1986801737057666
-0.905253934943052; 0.5984096672028989; 1.0851630368436642
-0.45295507441929117; 0.4640784166986591; 0.648488300810215
-0.9687902962991106; 0.29966810699139046; 1.014078701359575
0.8570976103582855; 0.2414650881537408; 0.8904615109475407
0.1604106622977235; -0.5153234657562282; 0.5397127522467898
-0.238521357881063; 0.20224769923144037; 0.3127244314245967
-0.26691267642364225; 0.08425806544770875; 0.2798960493265711
0.6684282337603826; -0.44431334568347447; 0.802627343690998
0.7792322242705212; -0.09921385234949787; 0.7855229136311759
-0.3974541023413525; 0.10948025864270017; 0.4122568258991509
0.578390297697214; -0.11120729675658803; 0.5889842097392591
-0.9965886743010899; -0.5831734518633123; 1.1546775570276642
-0.45578221340900993; 0.5924168813796273; 0.7474591543379342
-0.2697063339965531; -0.10015909916634924; 0.28770358312623573
0.7700187049255642; -0.9175136127528083; 1.1978146916455623
0.34733874031579104; 0.41478807159316466; 0.5410114091774191
-0.07611716123904899; -0.13091352672542134; 0.15143372713757985
-0.8413731524318886; 0.5443195510774679; 1.0020940850630495
0.1093798356030955; 0.9080190674157238; 0.9145832795470739
0.23979838257639363; 0.24346376020691562; 0.3417277671193035
0.5929178015105148; 0.5387599873593396; 0.8011328499865038
-0.10124377053293876; -0.4927990301257077; 0.503091627007014
-0.461535346129198; 0.9328571431164787; 1.0407868778909721
0.15514156269596002; 0.043076311147542734; 0.16101078553259843
0.5009808789110648; 0.903301990072743; 1.0329260991493443
-0.3074987579513917; 0.501748395319958; 0.5884784943800422
0.7126855050545873; 0.6445470336103432; 0.9609170139251385
0.9448290842564995; 0.016276486302545745; 0.9449692706449943
0.6692054916831469; 0.2587616360382925; 0.7174911667638119
0.7888920136395354; 0.8109693583585029; 1.1313805325268076
0.5974210964619275; -0.4686789048670086; 0.759323305559042
0.788578761020611; 0.16768160263231402; 0.8062093910356931
0.4749835196135914; -0.6885447650003964; 0.8364826581071279
0.6866291371186699; 0.9526606083435916; 1.1743175918932285
0.20931592804597554; 0.04365008600084841; 0.2138188198957928
0.8949560663318652; 0.957900105986194; 1.3109229472827788
-0.05539156844914794; 0.039902262462284455; 0.06826724254622914
-0.8483231614271047; 0.5776860965708812; 1.0263398133098898
-0.4829941413243002; -0.7425911802124985; 0.8858470530983266
-0.4798559839617398; -0.44748744483554326; 0.6561301537266313
0.48026781461886414; -0.6165132416313883; 0.7815022398340405
-0.3299859217972019; 0.9646659893958991; 1.0195445942583963
0.024855095925964132; -0.28495423369509476; 0.28603617095438744
0.835638081888425; 0.8804749795416087; 1.2138892838726942
-0.8936432264842427; 0.003004814920414267; 0.8936482782134554
0.9790002211480642; -0.4084347000982318; 1.0607828888383763
0.829309900915312; 0.7741426351388201; 1.1344830238024017
0.04790941288795114; 0.8400291710078593; 0.8413942714253643
0.6338181250974773; 0.3859689853228123; 0.7420899361487141
-0.8732859838741267; 0.32400633525566613; 0.9314550525477913
0.5860973714113695; -0.8672789723695822; 1.0467487495525158
-0.5819234546327914; -0.14771538700090314; 0.6003788325787219
-0.036448216098435404; -0.7763140852135306; 0.7771692424161414
0.6010934451364403; -0.1443747825531534; 0.6181888122760433
-0.16476542997129462; -0.5194953071116579; 0.5449981844232707
-0.18304526491395023; 0.30366204219624926; 0.3545648105469787
0.5665128275309068; 0.5774945326454799; 0.8089726317944781
0.43270994421467734; -0.7418258086370817; 0.8588034851945637
-0.25025192366500293; -0.0063429516622495186; 0.25033229582661537
-0.7324494211043018; -0.5029839705456869; 0.8885240734509849
-0.8261330146562151; -0.9974737897986976; 1.295163973881432
0.8840514199451623; 0.2526942560712018; 0.9194570681431711
0.48780750146834717; -0.8168916633300451; 0.9514558045999401
0.1762134062855154; -0.2579993043586024; 0.31243368192988874
0.3380308812352866; -0.08307075892782079; 0.3480885342230458
-0.05968618107021939; -0.23744871295147352; 0.24483531504474243
0.31488767707069787; 0.08456422201641156; 0.32604502268279
-0.6197053565739299; 0.7930306096995836; 1.0064453670651552
-0.26541449599921596; -0.2605294655520842; 0.37191458307973413
-0.4076175540650533; 0.35281730742418027; 0.5391030725195556
-0.11886324610194832; -0.41830178974568; 0.4348618844855587
-0.9378631789657892; 0.4306116495518826; 1.0319950267271685
-0.07849855481486645; -0.3900990825686297; 0.39791873206586936
-0.8526908985764379; 0.9108975467579392; 1.247724372289299
-0.9645941842275056; 0.5260198016052464; 1.0986986720326688
0.14935244718412322; -0.8944770880506043; 0.906860195690259
0.6355697648856682; -0.19047937841531004; 0.6634992988981273
0.190875569424235; 0.532665735040573; 0.5658323676578956
0.7821918690862555; -0.0209002683352153; 0.7824710482063434
-0.45148033445390556; 0.9949246114631181; 1.0925701235589627
0.8541049364880497; 0.648679591682654; 1.072511284415614
0.10127980500762002; -0.3203446668392387; 0.3359736663411648
-0.005395252297244912; 0.5738299465990324; 0.5738553096044327
0.35639129162401995; -0.8085132378137518; 0.883577052930594
0.5263734264203466; 0.08268563856239552; 0.5328282076485508
-0.1377445516031044; 0.04003678862069493; 0.14344513215650956
0.02520679540555837; -0.030488881483063057; 0.03955950490976782
0.18565167893850787; -0.3269360388822462; 0.37597037039200365
0.8088003057275905; -0.6886325609676647; 1.062248906127904
0.590237992864691; 0.057704312567946614; 0.5930520010166717
-0.6886185510506384; 0.47891350962702783; 0.838781055195191
-0.7939476225218367; -0.9293720161041648; 1.2223277676734654
0.156297311486562; 0.7131091671013738; 0.7300366660531117
0.9535427723415675; 0.7726172138497014; 1.227265732358611
0.46720660144357473; -0.395814705118851; 0.6123326622194657
-0.37357671594001984; 0.03168984710463518; 0.37491840325868964
0.399259039275617; -0.5975132263706782; 0.7186305282488255
0.8535245791041983; -0.9443114352819109; 1.2728818853056167
-0.07559319362313; 0.966626729296435; 0.9695780343595184
-0.6914454261495286; 0.376896680020266; 0.7874946887144078
-0.22165370707312726; 0.37858330759669756; 0.4386977167140438
0.648063455752034; 0.22345641923288873; 0.6855063923681916
0.06220221583636465; -0.7748602903066315; 0.7773529347400903
0.3325752398939723; -0.9715751298584756; 1.0269199205147628
-0.20900136375758205; -0.0321061567048595; 0.21145300979386916
0.17460363824041036; 0.4477165373997485; 0.4805585587085184
-0.3188131517724062; -0.8383669054840892; 0.8969397381953946
-0.4424017369653508; -0.4490713947255558; 0.6303843386623079
0.20887622718454657; 0.2787435851837827; 0.3483206347088255
0.5370186414365221; -0.36737460590106674; 0.6506559169878439
0.9735838070471781; 0.6188131433616011; 1.1536009430221277
-0.8547321440817734; -0.39869309309099354; 0.9431453867803675
0.07625614061621278; -0.33311012558810127; 0.3417270178826957
0.3782934274062133; -0.4552736661829324; 0.5919290737397414
0.4387010595515761; 0.6026079741483816; 0.7453824455666314
0.1407428926839165; 0.9744750783126399; 0.9845863294264562
0.6415365865389635; -0.7728504906840077; 1.00442375162009
0.22148095386864441; 0.045080961567159905; 0.2260223573507372
0.6679556466588039; 0.948095204878626; 1.1597625892471375
0.08645445716079547; 0.550692258585709; 0.5574372940781746
-0.13405345691503823; 0.5909760084728406; 0.6059892506483617
-0.9137713902028903; -0.8846861264959929; 1.2718677981487725
-0.0998960639948685; -0.10687920165601494; 0.14629554794420085
-0.4121752825780667; -0.33208416565715626; 0.5293093203869725
0.29644352709410193; 0.3998527155485916; 0.4977559230060195
-0.45844203255949334; 0.3686020086534778; 0.588248704206527
-0.9438586132570608; 0.022276816305872194; 0.9441214637769165
-0.9401228889656936; -0.0073234153097663235; 0.9401514126825536
0.0682897128631319; 0.5193886909962662; 0.5238588523808144
0.041508412908635606; 0.738060240462026; 0.7392265328659797
0.7982872389508886; 0.023937340174549293; 0.7986460493400473
-0.4198427684519752; -0.9277668537400108; 1.0183414383791212
-0.22810351365668424; -0.3097567956785541; 0.3846823175187165
-0.009873887499165512; -0.5552173693849562; 0.5553051601787049
-0.9886799222949763; -0.5697333589835167; 1.1410889926240815
0.1817506870186938; 0.7876729544545986; 0.8083699619672934
-0.6104909673833119; -0.6673838123561726; 0.904489012786596
-0.2657220448422204; -0.3983255481897985; 0.47882298133635404
0.2985639397556814; 0.4658228724116511; 0.5532914011479625
0.808081164185376; -0.7246694527811777; 1.0854220302285025
0.030504280866674005; 0.6815065686627475; 0.6821889139246291
-0.9893301801944694; -0.3969873470787635; 1.0660080483674859
-0.23754533115704457; 0.8184644193549071; 0.8522392798413337
-0.9405616156914469; -0.5766385698713754; 1.1032534582657831
-0.641993809759076; 0.6099719532958361; 0.8855630048599086
0.37861073229909525; -0.4141190644965287; 0.5611066620452276
-0.6854313558639866; -0.4311273221484855; 0.8097449669522293
0.3880770221912153; -0.33240173345012924; 0.5109742533175735
0.8562571144525062; -0.8709356526564762; 1.2213538214287842
-0.9448834592635427; 0.6817263723595959; 1.1651418790689885
0.254049752444244; -0.9540318488140467; 0.9872780992549818
0.5457389465445885; -0.22898647490672208; 0.5918325806051946
-0.7649311719675398; -0.48948605818496405; 0.9081389205430456
0.6320094721647176; 0.26028844189106226; 0.6835100920162056
-0.5094942147240287; 0.11709608822859874; 0.5227770545038242
0.18296211315590516; -0.4430460334284638; 0.4793380045303832
-0.7089300527953197; -0.3346820108777584; 0.7839603741016218
-0.6145484647408401; -0.2585072388317955; 0.6667051882532208
0.34708410282197977; 0.007124165816387862; 0.34715720959000407
-0.5713773646132954; 0.7738301614475092; 0.9619174660844415
0.9632594376836097; -0.7496228662593232; 1.2205749407166226
0.9988911966436671; 0.29223328033625884; 1.0407612179882124
-0.6163672824691042; -0.5406696540638518; 0.8198977385771189
0.4985844363231129; 0.3974629054803511; 0.6376230872361185
-0.13874157779411034; 0.9855153777395826; 0.9952335329810744
0.956829960792861; -0.5015953488265936; 1.0803339612524177
-0.9202121654582816; -0.38354721398433256; 0.9969447802223367
0.8735481022351443; -0.2857120141679024; 0.9190852201828196
-0.9573180251444042; 0.3395076793258889; 1.0157377937182572
0.4178848384932963; -0.04511784756373549; 0.4203134049865086
0.6189981140218803; 0.6210556150082718; 0.8768516077968652
-0.37311295222326657; -0.11888716200478444; 0.39159600662712774
0.18709697101466505; -0.1401694982728381; 0.2337793079143695
-0.6473289636250315; 0.060688157671530574; 0.6501675473517744
0.7520232327191183; -0.655519810147339; 0.9976197492255837
-0.013608672276495204; -0.44816527881260315; 0.4483718469019965
0.8955156902752401; -0.5956981756033606; 1.0755485428126021
0.061709901944364765; 0.35037980888771947; 0.3557725712785879
-0.8385972564775601; -0.06448871969160863; 0.8410732153262007
0.7376771413366443; -0.8907313862243533; 1.1565335997089585
0.9662814859315607; 0.583736053905457; 1.1289143858961226
-0.8361997128167362; -0.8414514227428698; 1.1862843067961373
-0.8068713080390559; 0.20726979962809788; 0.8330678709292113
-0.49593106342695314; 0.6298753444897989; 0.8016798421239812
0.7991959535865463; 0.037694526412369145; 0.8000844015168411
-0.4467420837420857; 0.5326669914213613; 0.6952068851328397
0.5687737505649435; 0.511488007224502; 0.7649336970392956
0.012224902409100569; 0.6727464201882107; 0.6728574842527686
0.1775216096615022; -0.11898138136570635; 0.2137065534991906
-0.9356821967945697; -0.8848236983941422; 1.2877942967097655
-0.9091144726269835; 0.00618535007562504; 0.9091355140436416
0.41543409922967345; 0.2762792729053962; 0.49891454923654466
-0.15193461072440506; 0.7391952195952272; 0.7546480627474058
0.8882060644878649; -0.401511053306838; 0.9747415754550474
0.2336426831726206; 0.9847253160473908; 1.01206365978862
0.2312049548145727; 0.08771435740950317; 0.24728432952083856
0.5825329854944581; -0.3334253316733278; 0.6712057292593345
0.6870243276009043; -0.5660445876028857; 0.8901735234604519
0.8687967844304636; -0.8267093340968688; 1.1992731864423558
-0.983660211854251; -0.39460778574599753; 1.0598597628726685
0.3694150673884318; -0.6808779307692543; 0.7746368495122221
0.4778436987281791; 0.03598076109548698; 0.4791964269307914
-0.24510599880220596; -0.9965561045179212; 1.0262558258547236
0.13759154526988482; -0.5250675543540622; 0.5427958824135559
0.5724810303920655; 0.4153082219874318; 0.7072591105168763
0.026633087059710014; -0.38018315729850083; 0.3811148834928737
-0.47640205789360657; 0.4599251219873455; 0.6621858036837832
-0.4666801160631431; 0.3299508282144852; 0.5715399196627768
-0.6807104213926773; -0.11293898041819372; 0.6900158629267138
0.35699667459103535; -0.8763462982621386; 0.9462713459398476
0.1688904131769733; 0.8443009739698468; 0.8610273551458866
0.1406666373988823; 0.9882510640741387; 0.9982120358524915
-0.8192382169742274; -0.6867688015570386; 1.0690194773451054
0.5690169054962273; 0.6460333795374971; 0.8608945151510388
0.5334057588915866; 0.4708564673065363; 0.7114966735151337
0.8105300534974065; 0.8260327353681611; 1.1572765648375998
0.7524513021773418; -0.24111251998349248; 0.7901380951714501
0.06518737474839575; -0.14898319081550948; 0.1626203707170731
-0.8145285505470894; -0.8009870745503205; 1.1423821835327366
-0.9602102236122878; 0.934269451793388; 1.3397250024105236
0.767492895220917; 0.5928665905884765; 0.9698124243639022
-0.8775493199670834; 0.8013503428393616; 1.1883834317859927
0.9391815855842691; -0.10339302555228991; 0.944855633646452
-0.16592359021982772; 0.9132257325394357; 0.9281766407121148
0.7546454257369357; 0.2875512503999589; 0.807573798604351
-0.03383813020673543; 0.025900990854355932; 0.042613148007691365
-0.3888810086683796; 0.9657997901531936; 1.041152089544505
0.4010498893927479; 0.2930087037603588; 0.49668411919575306
0.3205080113902625; -0.29727394477056124; 0.43714663856055364
-0.23645518454361847; 0.9419550220671493; 0.9711798586745302
0.8476187257153442; -0.38607158571829436; 0.9314015103500436
0.08360086912182396; -0.4851986682585694; 0.49234830455462486
0.4524127245703844; 0.33352522964625897; 0.5620643665664887
-0.5876387948663904; -0.6567269543634613; 0.881254586268651
0.15242996411990872; -0.0062764962492458665; 0.15255913072236435
-0.2654649340954782; 0.1580927323222321; 0.3089740171073055
-0.7285978520098124; -0.9734097274945668; 1.215887053773647
-0.32995376664885834; 0.3214394103852951; 0.46064387836442094
0.7927965076514047; -0.22803539273004114; 0.8249402662507195
0.18482536276921624; 0.9021445367271339; 0.9208828263516415
-0.7296167312666666; 0.8299460137207326; 1.1050569941117019
-0.5121318988398238; 0.18996018408363402; 0.5462270163094934
-0.3245498685327599; 0.37067197612947944; 0.49267670033437255
-0.5071548018835212; 0.6023064728688328; 0.7873875032874269
-0.2330763957323403; -0.42558731411912154; 0.48523104619006635
0.7820681890271921; 0.07476778958302788; 0.7856340589914644
0.9894004660391109; 0.0511554943231296; 0.9907220431573397
-0.9529372652136909; -0.9634987930558465; 1.3551455108780832
0.7197131073760528; 0.022728367533660254; 0.7200718961462381
0.5256311880447273; 0.0318602919690425; 0.5265958830542299
-0.7762599048720795; 0.10401778348372126; 0.7831980204219596
0.6381294723694175; 0.015748826466704946; 0.6383237807269517
0.6876227833785564; 0.9793963390252629; 1.1966796902752888
0.9498375543275779; 0.29609845618548025; 0.9949199341486827
-0.555823171421562; 0.5272768883766203; 0.7661333532129078
0.7550067125302009; -0.36153719902052406; 0.8371047020781017
0.24991788832779327; 0.18535305326614782; 0.31115061507460784
0.7258278581292759; -0.3008361987062613; 0.7857025506440496
0.09690342115793582; 0.14073213924252115; 0.17086780869399784
0.9354955340489504; -0.13357355650035885; 0.9449834862163917
0.9434160428985015; -0.12328533836797106; 0.9514373887202312
-0.5015267876452998; -0.5839446061652886; 0.7697534811842994
-0.04360746090273415; -0.10424500581395035; 0.11299837115434024
0.5841383151862185; 0.00327021429228469; 0.5841474690265391
0.09514508831155521; 0.04093848722493054; 0.10357870228034063
-0.6438546007892272; -0.08884300527433964; 0.6499552496469518
-0.8444959887972949; 0.0724498135570042; 0.8475980477674341
-0.08446241754632378; 0.5674757556371246; 0.5737269674799113
0.9698740944257525; -0.5740700704790334; 1.1270369137069005
0.7796905651648223; 0.9211811554581453; 1.206852144456082
-0.3789305708608457; 0.08887000587714455; 0.3892123526784962
-0.12355272502602777; -0.3644014567204745; 0.384777464934423
0.9543271039151868; 0.1491044106293249; 0.9659049365937965
-0.09774881923115486; -0.6073200668575665; 0.6151361599426293
0.3014480840171674; 0.6908420594491513; 0.7537464417571508
0.695684949530812; -0.44029281625959515; 0.8233075446353532
0.32549565711159856; 0.209992744665358; 0.3873556190512816
0.943508206095361; 0.21230302457275707; 0.967098913871806
-0.08641029648263521; -0.5235955691109; 0.5306779242919232
0.9951018345943909; 0.34819050589130285; 1.0542600673486424
0.7464531718070475; 0.06298809810296824; 0.7491060260092898
-0.2717406385362482; -0.19528522280915972; 0.3346330720053101
-0.4434108165256221; 0.11657071420114473; 0.45847778967064895
-0.8542172987303494; -0.3433750738678849; 0.9206484860162157
0.19193797437594773; -0.7557607179462509; 0.7797528126260106
-0.5348004469226035; -0.07444048214544252; 0.5399563902859771
-0.5614838580970625; 0.9162897375901331; 1.074639942546599
-0.9952158998745819; -0.17070381045296368; 1.009749710703764
-0.2759371533673203; 0.12250138592473925; 0.301907108498528
0.36283340259148966; -0.44000649195162045; 0.5703102585397614
-0.37798171330706; 0.2202542328684558; 0.43747240220499906
0.19505324512497513; 0.8222990901253533; 0.8451163009046551
0.08260897514612453; -0.3465596920331324; 0.35626936847951524
0.06937551052324009; 0.16911445011983006; 0.18279129820561124
0.9645259326635554; -0.36136554429851464; 1.029997733680353
-0.5794755052497143; 0.33414160896363154; 0.6689114111937515
-0.5716041580552655; -0.17740792783137804; 0.5985022024717139
0.330032454705381; -0.4707488825152597; 0.5749138470659975
0.5002162745459557; 0.8461292106128708; 0.9829297850675779
0.2510997865713738; 0.943480141614546; 0.9763226313249085
-0.9911960825908692; -0.8701785547475851; 1.3189694428932315
0.24718989929307567; 0.20637489842983325; 0.3220146658375126
0.001992484366735603; -0.5694304376804034; 0.5694339236038255
0.9600683833447243; -0.37094035176802964; 1.0292366322998527
-0.43523581756319474; 0.4112000793306494; 0.5987618242101236
0.12951853006753344; 0.345314321507602; 0.36880486746938423
-0.893934147646398; -0.4595794693709989; 1.0051525003677906
0.1433184800338747; 0.9248381180215168; 0.9358769851133221
0.593494862390926; -0.3031636192336016; 0.6664415441066384
-0.48807992089217245; -0.8779797970603498; 1.0045250286698895
0.33334366729129905; 0.35614989527314234; 0.4878122061062869
-0.7037515291876675; 0.34679606659799167; 0.7845595749475109
0.31721716678851375; -0.24695345767118915; 0.40201087194389107
-0.9460303673361372; 0.5219093798369199; 1.0804456750267015
0.12022903469914925; 0.4200012050724764; 0.4368707280729868
-0.1980900888943069; -0.5269839953553535; 0.5629847375185633
0.19158223565393073; -0.48065500518931503; 0.5174292096815745
0.12340307654762084; 0.7649695979868121; 0.7748592163390218
0.789437861885846; 0.22851879273801745; 0.8218472950696722
0.3992819876993807; -0.4095623888738702; 0.5719855383497381
0.872327345609742; 0.3636515950855508; 0.9450912551213262
-0.5398016687294978; 0.8049836800960213; 0.9692185340696307
0.9299215902042866; 0.7926846003040888; 1.221925954993723
-0.06793748765811602; 0.12433503053534922; 0.1416852216976876
-0.9477767063179121; -0.13620754387049194; 0.9575140625839715
-0.2929908000695687; 0.9991586197925633; 1.0412307892255137
-0.5105144486659166; -0.3956891669695972; 0.645906277376028
0.5452642584034497; 0.7521309679345056; 0.9289855243319781
-0.4028028386257543; -0.7170881031443266; 0.8224752120739529
0.45062813839224125; -0.47155525263195175; 0.6522500098855045
-0.5391861282797341; 0.8157776783461868; 0.9778624143595991
-0.21487512875149273; 0.34723490934263523; 0.40834226235127646
-0.8336579049853483; 0.4868846930252597; 0.9654233303825123
-0.40974370073854494; 0.028790290523680095; 0.4107539179647057
-0.5338176053466268; -0.42905532807673064; 0.6848720393832982
0.749005201951221; 0.9172667838090944; 1.184224279952691
-0.014579509851134986; 0.005395574106938028; 0.015545878149619023
-0.7121215095746931; -0.27834182644414485; 0.7645856503670483
-0.06251017043383755; -0.7416559148833239; 0.7442855752257246
-0.8449416279180482; 0.12900653809605922; 0.8547333159882862
-0.7634708524070539; 0.6504430043382434; 1.0029774894621084
-0.587939318587754; 0.8958563009063918; 1.0715554834982255
-0.431234528423285; -0.17582530903855398; 0.4657013611779077
-0.4964935647798945; -0.7103619948216628; 0.8666718084458842
0.9610174228915545; -0.4184141525264711; 1.0481530852578596
0.9174294868087574; 0.9427468849794431; 1.3154651467844458
-0.577426810761644; -0.04073057528317281; 0.5788615564616998
0.09078906510193208; -0.8385501860762001; 0.843450691451796
-0.7730950992617351; 0.4000488431891427; 0.8704683276486763
-0.034252840759553704; -0.8228789571756339; 0.8235915463763321
0.9529801553927892; 0.552067340097981; 1.1013398769568477
0.7190692320216068; 0.20920416569115474; 0.7488837983176532
0.3508812911383645; -0.1636162608751741; 0.3871536662537225
0.9672720211317754; 0.49098905011482197; 1.0847513126044166
0.537510198980657; 0.8519710309578115; 1.0073588494670316
0.657567755643859; -0.6028430341587598; 0.8920846804514926
-0.5608540190904994; 0.9076839880465477; 1.0669805306968125
-0.4977277019287707; 0.7333229092939524; 0.8862817579994758
-0.6769761247515664; -0.6294983155333784; 0.9244267427671103
0.4446820816724728; 0.6464411477765608; 0.7846198514562585
0.5898856506210115; 0.46058720662838026; 0.7484020682215599
-0.4927501234887848; 0.7347608053449437; 0.8846898469347112
-0.9838242285700309; -0.592208593583498; 1.148312296823282
-0.583717474835785; 0.5094194485675314; 0.7747478718960853
-0.41469864993454997; 0.18919140531593448; 0.45581614506614027
-0.9411921525627847; 0.023201894527261624; 0.9414780910650137
-0.1959841300251144; 0.9092197250239198; 0.9301022995317629
-0.9042271996856073; 0.4325852561729846; 1.0023755945300752
0.2610854346051694; 0.2662096740957083; 0.37287155260909005
-0.8064469115164681; -0.6486422214129752; 1.0349364002169454
-0.2878963744837939; 0.41120758706167804; 0.501972112868833
-0.7462718484645678; -0.5725793662257239; 0.9406214979672614
-0.18286656413726; -0.26624066455538986; 0.3229926806326457
-0.44932520564511913; 0.27302423357758365; 0.525771216926769
0.01825528854102343; 0.9684305890936071; 0.9686026334116106
-0.4477839042703915; 0.7457366878475145; 0.8698469017737641
-0.2713701752362294; -0.699168477325208; 0.7499855543228762
0.706370195340295; -0.9747250896457387; 1.2037640355360264
0.8288201449486274; -0.1649682274625639; 0.8450783092381463
0.7146431333309353; -0.27644194050107895; 0.7662473193982862
-0.8768677438431978; 0.21823120703715126; 0.9036160135353688
-0.058680999277015866; -0.3427080692552522; 0.34769567211688424
-0.0947455888101465; -0.87481820950786; 0.8799338760870157
0.786333173164123; -0.05392861876525967; 0.7881802808623719
0.6282020857233235; 0.2945095359978158; 0.6938110169929436
-0.4934515672696096; -0.20003148717782926; 0.5324537962146652
0.2309387399302032; 0.695157034430627; 0.7325134839161215
-0.6593456061611551; -0.7333636614417189; 0.9861840032606619
0.9462348319933318; -0.48752583058024834; 1.0644443586963153
-0.7661521409719414; 0.8922706063455115; 1.17606799891166
0.5785916130263957; -0.6424305098943976; 0.8645722726919146
-0.9868042834496893; -0.429370602175821; 1.076169971634352
-0.8144252535494565; -0.7435021771585264; 1.1027619784244311
0.3744869340582899; 0.2278566628938985; 0.43835958140038606
0.6167081642725345; -0.24801285982108134; 0.6647099657121373
-0.5156569675454739; -0.013232610555488744; 0.5158267249380426
0.8844077462193949; -0.015508252908041698; 0.8845437058060667
0.4946450166438561; -0.7730380446991276; 0.9177480651261821
-0.04450873292589552; -0.8330351853260287; 0.8342233797358114
0.4945428245866026; 0.01046186617293432; 0.4946534706174774
0.17416902041997262; -0.4384477115451195; 0.47177456844684323
-0.3551271881961695; 0.3042555689469615; 0.4676395738507989
-0.1338179612549142; 0.29611114224852497; 0.3249446957839871
0.5886156222291601; 0.7061057416469798; 0.9192680072313257
0.6712648683514932; 0.6489756697654265; 0.9336840704598272
0.36349656986766576; 0.027539540702301135; 0.3645383143205286
0.6476721209890233; -0.5812698967928411; 0.8702608052899891
0.39665697668705047; 0.0745416189283088; 0.4036003098449808
0.0982532223024053; -0.39774913833144265; 0.40970486052304894
0.21001767785418157; 0.843349178796083; 0.8691060133190256
0.43244322345353114; -0.7410313437932197; 0.8579828634622405
-0.9743855998155746; 0.33458486265705445; 1.0302302303112625
-0.40987965428580075; 0.9323496154225028; 1.0184680340471843
-0.31147060026001316; 0.4142805811035082; 0.5183071818003233
-0.2251981937122991; -0.04128203250485507; 0.2289507210275043
-0.9553997694362513; 0.08860053690278069; 0.9594992311504492
0.749094220454247; -0.29787088701441156; 0.8061446622342099
0.8742243052281775; -0.42018409531634404; 0.9699602104254091
0.7017761718821462; -0.5862902960317837; 0.9144539937266369
0.2849565985845075; -0.5175131479433202; 0.5907792492725662
0.9248484020717029; 0.6826539770942808; 1.1495046843128658
-0.7665857206113773; -0.8135280821924311; 1.11780213256236
0.2694227686469033; -0.9746194341720054; 1.011173412294411
0.07715768428575731; 0.6542892305120522; 0.6588229697030865
-0.9551045855529379; 0.41415562003234774; 1.0410329711150497
-0.5326621822900357; -0.2548681178658123; 0.5904970431309922
0.5641584707644196; -0.20060549233261926; 0.5987631783011219
-0.19911508551226498; -0.9663706641868666; 0.9866707038721289
-0.03140025248707823; 0.1251442132821119; 0.1290234473816716
0.07919057727975698; 0.33407453115257235; 0.3433321131131083
0.9383737103350887; 0.37716912091318844; 1.0113366234931218
0.24945239080806547; -0.7880729882041733; 0.826610869766975
0.12161307169312896; 0.028345897193724934; 0.12487285171067147
0.9987787498537455; -0.9060990931182289; 1.3485453487773733
-0.26428223823600816; -0.5572469570184955; 0.6167408471581942
0.06336587513840697; -0.08744804953423402; 0.10799257150099736
0.1361932193601958; 0.3629925627547923; 0.3877011653515968
0.3559254433463215; 0.7378099506725198; 0.8191742455257377
0.3208351465697592; 0.30992996189846767; 0.4460849387244816
-0.6036101571010724; -0.3832211027100161; 0.7149850595067437
0.577569537808666; -0.5175270969376937; 0.7755132926451185
-0.3180007918500565; 0.2319970091275665; 0.39363322504763126
0.08045989221614813; 0.7804307421188021; 0.7845673568913879
0.26262591423256954; -0.4051934572135436; 0.48286034067332223
-0.7275159817011609; 0.08712031458223657; 0.7327137591471256
-0.36466677193082053; -0.08739242057393781; 0.3749923862216633
0.4415020058626913; 0.022056352641173005; 0.44205260306055394
-0.10626814161752152; -0.8400156191908421; 0.8467107879361261
0.2927408879666642; 0.20238768164187015; 0.35589043421800765
0.03606950918370844; -0.17977679356510978; 0.1833594966106357
-0.34136380332196414; 0.3583110847288724; 0.4948899672230362
0.7065387109612347; 0.3936300433411162; 0.8087901836122222
0.812790948512869; 0.7488743857792031; 1.1051886588545088
-0.4700820614207526; -0.34889318245124445; 0.5854089145465258
-0.7996746988943912; 0.1881660039472468; 0.821514497189983
0.23675719729678057; 0.6798370549150092; 0.7198835959426635
-0.9376400925962798; -0.8111818444372887; 1.2398326209568136
0.4672019982630742; 0.9155390978665388; 1.0278567735357322
-0.1989456846844444; 0.5920419074908498; 0.6245742595400217
0.12192185266381506; 0.9085223863521319; 0.9166667140569409
0.25570999692870977; 0.6178025377440222; 0.6686311226470353
0.5388951185117559; -0.4484235976637423; 0.701064670125013
0.9442421786520514; 0.8660615038306658; 1.2812711736252427
-0.7298647506014722; -0.47909983298608294; 0.8730631157813515
-0.9474265713271459; -0.11740821513237387; 0.9546736599683063
0.4083112670112121; -0.778456800781935; 0.8790410010073174
0.16343326220717724; -0.39566969769961413; 0.4280945466522366
-0.7982920989940951; -0.581418289660723; 0.9875816436469436
0.753914282096634; -0.9698000302994461; 1.228372436811446
-0.9177922038130337; 0.38252337402727243; 0.9943171833259213
0.2426244499825463; -0.5890476743813369; 0.6370586993546157
-0.848132411923864; -0.7876586674743165; 1.1574691203670215
-0.3915097752852281; 0.856311783322572; 0.941567721622281
-0.4384352197198338; 0.6092432140765389; 0.7506015825916506
0.7314783640816844; -0.040723573030511995; 0.7326110881770687
0.829122944018114; 0.348500362765799; 0.8993872131318958
-0.903897403384017; -0.39462798471576255; 0.986286855922349
0.19358037378453918; -0.6826479881542045; 0.709564399364529
-0.3619633401853797; -0.5854760520824067; 0.688331073830143
0.8208227353006696; 0.6380314397948164; 1.0396317044766958
-0.6041273476368245; -0.9701943259197576; 1.1429115810987294
0.7340654140311587; -0.9766303194388752; 1.221744168360961
-0.2657378210732091; -0.9307358281589231; 0.9679285982795494
0.36653616227378283; -0.9925196647902104; 1.0580378269464965
0.02954633508130078; -0.47434123769715764; 0.4752605555869411
-0.7973348905658384; 0.43183526429165764; 0.9067660245065886
-0.12312682058715829; 0.023980444618534325; 0.1254403271360724
-0.3179827924136436; -0.1344438762268978; 0.34523645828054106
0.7879722071479418; 0.939115574413343; 1.2259030391280146
0.9927721232485525; 0.7114468159917864; 1.2213734321182403
-0.1657771357488207; 0.7117347496997366; 0.7307861606976623
0.5398226049061217; 0.9331963128208902; 1.0780833933560685
-0.07013026293512836; -0.7730674075496056; 0.7762418891008255
0.6961498584509014; 0.27874697102237955; 0.7498829903894082
0.41131881145279947; 0.7901694865999631; 0.8908147855803656
0.4443530873199866; 0.9631104612996004; 1.0606749864475604
-0.39462139163986665; 0.8402676137417087; 0.9283187520690133
-0.9648744269451854; -0.2526501749018444; 0.9974040157582746
-0.5353219828528077; 0.9734370202149483; 1.110922705524745
-0.8274637316926332; -0.39077998132864455; 0.9150984761619451
-0.1677191790926975; -0.2348841694635535; 0.2886179067558208
-0.07648165791513661; 0.4196573276371167; 0.426569709000738
0.08449111007057031; -0.7062168652322245; 0.7112531254197673
-0.284456722400497; -0.8789340550428908; 0.9238185428064176
-0.17472576304737064; -0.12608961523662976; 0.215470841050494
0.030009695463160346; -0.6025504738227561; 0.6032973191767219
-0.6194034298860964; 0.8509835361463209; 1.0525367393809857
-0.04150885226987766; -0.28577837080065005; 0.2887771840610618
-0.6759645679192474; 0.9015358376112259; 1.126807420804296
0.3466003933792605; 0.8073481160321652; 0.878602761861892
-0.3052327375746049; 0.8794464341271011; 0.9309097993823898
0.18428123819184905; 0.24747514145757488; 0.3085506771811848
-0.5355233630713592; 0.5453946289330844; 0.7643563132887146
-0.14625870598545587; -0.019070717960560257; 0.1474967842363733
0.1937005420613982; -0.7862383709383767; 0.809747291400664
-0.9400181281551618; 0.344585848891207; 1.001186040911682
-0.38243029916486404; 0.6523887724417341; 0.7562169292784711
0.6320747666712829; -0.49524916489971216; 0.8029883224533337
-0.05481765492521151; -0.36419514907288053; 0.36829754533490616
0.9095912324939608; 0.5024860936271087; 1.0391575840643776
-0.46327307397046114; -0.6364569458072717; 0.787209873497761
0.19567864816741687; -0.5010115643353918; 0.5378686837383491
0.029472463923406078; -0.6850340143917739; 0.685667723466276
0.004266043003435138; -0.44703104272180383; 0.4470513978054988
0.16547925623311333; -0.6253364827988208; 0.6468609595289116
0.049431167485318284; -0.08166511964954037; 0.09546010730318363
0.05166599597072907; -0.10539681026529735; 0.11737914105047148
-0.6112945263069092; 0.4898791655320347; 0.7833661945189817
-0.5518997770640377; 0.6897291991215591; 0.883357080712099
0.28544900115584837; 0.8431716414325783; 0.8901795039074871
-0.013867675750636188; -0.424994182614717; 0.4252203754373445
-0.6263798296321892; -0.6066179689906015; 0.8719730794424405
0.8844048987267572; 0.8109543469997698; 1.1999245717167843
0.7825365519244536; 0.37026997188825983; 0.865715488587299
0.2044546614229552; 0.7680782719553243; 0.7948244714573478
0.9193625944513135; -0.8468421442605163; 1.249947677853757
0.9489994019854953; 0.40173162953297803; 1.0305281010899459
-0.5973971131939095; 0.6103381264857384; 0.8540468017003154
0.6067441379918748; 0.18220267598473794; 0.6335110607743977
-0.5682249159295776; -0.4088450070571057; 0.7000241387828711
0.35483334019151; 0.6712705372555092; 0.759283104973872
-0.5024446362581578; -0.1280384914648074; 0.5185021386659616
-0.06205422542700845; -0.7297673546882271; 0.7324009276769101
-0.25126462183767106; -0.015140556446511466; 0.25172037390075885
0.5032559942019112; -0.08762769438406148; 0.5108279637247951
-0.9193214823825808; 0.29185525790454947; 0.9645369249212996
0.8424728215682691; 0.9707006389314075; 1.2853093734595742
0.9471179208174887; 0.1855754586865317; 0.9651272490197131
0.30363939634900605; 0.09530579799614713; 0.31824531127240696
0.7612751873493804; 0.34988431452826685; 0.8378299018456845
0.2049620588953922; -0.7704244236579338; 0.7972222012433533
-0.5118209694911053; 0.39381935803081713; 0.6457974849522254
-0.6442410889384576; -0.4309446316916987; 0.7750869991559034
0.4814120791149159; 0.2700463430078712; 0.5519806312631548
0.5575127572125205; -0.12412606189065589; 0.5711635087216179
0.5444126289286033; 0.6688815851251972; 0.862431264192428
0.13944105361521086; -0.5873742802439326; 0.6036988922678241
0.9093756769076133; 0.7522405652865565; 1.1801821850095087
0.2656034865048036; -0.3346254637515633; 0.4272229078999114
0.9171032490596183; 0.33743778558042226; 0.9772116600681386
-0.8510042048468685; -0.4402465280352432; 0.9581362962095409
0.4448493038054522; 0.16563413876045807; 0.47468470695727516
-0.9093374293363652; 0.6679532408721871; 1.1282978739604745
-0.3966316327680477; 0.35582933593847277; 0.5328519197926024
-0.8219407918933253; -0.6948528574816843; 1.0762932495043758
-0.8806973846364372; -0.7021633539318586; 1.1263486400357117
-0.33730696279090133; 0.02781776813052783; 0.33845208726049586
0.4398810343690214; -0.4825415913197346; 0.652948475571344
-0.8541628681815745; -0.21336331800421848; 0.8804079229822634
-0.520006546790897; -0.24584759662872568; 0.5751937495083843
-0.21192475176638026; -0.671512782267442; 0.7041601502213846
-0.6873466244349966; 0.48810965170763265; 0.8430281218395569
0.7420206735811312; 0.26098714493958663; 0.7865805552170181
0.471856740281664; -0.9668744693425253; 1.0758694264712738
0.27993805359694846; 0.15449576763870287; 0.3197409202306143
-0.7762014823737868; -0.8741974577734288; 1.1690637007523543
0.6974980636325578; 0.12315536524748327; 0.7082872247615432
-0.023441854873998524; -0.9503816850172344; 0.9506707462503153
0.6329807855494443; -0.8512891531255078; 1.0608288726764254
0.30457187255042806; 0.6711669241998941; 0.7370407490015871
0.02034509344314883; 0.8035713207941695; 0.8038288315494141
-0.13864308467660114; 0.5099013798101595; 0.5284139684574469
0.5411947379204158; -0.34430237049970547; 0.6414326673037973
0.9163802863647905; 0.577286035508841; 1.0830567833828153
-0.21495214734559287; -0.943546263121221; 0.9677210219368504
-0.9210952999444835; 0.9584507748179065; 1.3293022377656871
-0.8294257796334377; -0.950932345986607; 1.2618317837826594
-0.6799511030833998; -0.6047469103536018; 0.9099738063079396
-0.27705947994520996; 0.9218152844564338; 0.9625514916538264
-0.08987391117292964; -0.516285950147628; 0.5240500951525138
0.11191502578429802; -0.17264726172817113; 0.20574753942279775
0.4904737364652656; -0.8839930577749175; 1.0109442182219786
0.6441713904061779; 0.4773198488283201; 0.8017424887726226
0.05674911791511006; -0.4488816758558607; 0.4524546621522526
-0.957227170441262; 0.988556567328378; 1.3760552106071366
-0.48057126174736764; -0.8480573839236845; 0.9747564126718739
-0.7546703584584853; -0.4777809543321412; 0.8931976210550441
0.037534089451452646; 0.16559166170771267; 0.16979224451685418
-0.058774018204003964; 0.2484382655800197; 0.25529582256717986
0.367306373497988; -0.8085439098842633; 0.8880637512156294
0.21056184751373297; 0.9040149415247551; 0.9282129637795429
-0.12404083766396767; 0.17799441398141935; 0.2169519320424865
-0.8987533534519445; -0.7354720931243175; 1.161325445388062
-0.45896480115321836; 0.3447359235219132; 0.5740135413595394
-0.6484953161165521; -0.5714038249785445; 0.8643196782586973
0.6735732195920623; -0.2280210156979161; 0.7111219767040855
-0.6393309920589536; -0.7145565436370671; 0.9588196761965398
-0.9342876599135843; 0.5938605130630557; 1.1070518237383096
0.7686748927419154; -0.0989371212415997; 0.7750158996377882
-0.26443312435461364; 0.4935033963413942; 0.5598843447145435
-0.8672661621863704; -0.40162124275643607; 0.9557458965157527
-0.9110783801292519; 0.9778683553846819; 1.336521730164416
0.6330907276525912; 0.24678006652030415; 0.6794882417462815
-0.5630265810059911; -0.9826522492281411; 1.1325212465258303
-0.7648690442430284; -0.6222051197122049; 0.9859837046510064
0.4347832293640481; -0.6423178254750728; 0.7756343503605655
0.05808151694008168; 0.6195464469667449; 0.6222630171874098
-0.02988561444002613; -0.11130754069266757; 0.11524980939466992
-0.2764505809534148; -0.062092432235727024; 0.2833379498945189
0.9357411859515072; 0.7048503975333003; 1.1715057191447187
-0.2421440288370178; -0.9007514597252695; 0.932730895220388
0.8234544114733393; 0.9065058350828827; 1.2246754659150392
-0.10988100057439709; -0.03719753626090072; 0.11600642650780894
-0.11758624539762574; 0.5595381028454471; 0.5717599265798478
-0.9658922110818895; 0.14224871322185462; 0.9763106369603554
-0.008597737013580131; -0.7971533375898041; 0.7971997019018
-0.25760080916813255; 0.7906518643570151; 0.8315579038739879
-0.571733210470176; 0.9836394176382517; 1.1377281608039125
-0.9288712383161266; -0.36477213690267063; 0.9979280982272596
-0.023237399274661508; 0.6441008618661985; 0.6445198964980288
0.8928005155991654; -0.35122680195166045; 0.9594024322792425
-0.15233523257583914; 0.06298390415224953; 0.1648423345691111
0.317165145786356; -0.228345212758583; 0.39081359481400213
-0.17005425793974838; 0.27212232589614693; 0.32088784784495544
0.49069253018585735; -0.12162815393146742; 0.5055418548537551
-0.7828599310564948; 0.04779868018045352; 0.7843177834785929
-0.48085419458018985; 0.6209025710376668; 0.7853284403143362
0.6772710778487947; 0.6602871300299142; 0.9458727223964168
-0.7393709336002161; 0.4438141291572746; 0.8623458463357292
0.30342898132202545; 0.6954057139009886; 0.758721459846936
-0.6916635764304073; -0.48784201982770625; 0.8463972703583572
-0.8380285982545306; 0.5703055300340509; 1.0136766393085486
0.6860656740383553; 0.44954642009780343; 0.8202305120613678
0.21006746054497305; 0.2257297715307045; 0.30835412715758787
0.3833220208313517; 0.5859914035199163; 0.7002297456217299
0.036208324092220634; -0.6490510987361282; 0.650060282977004
-0.023340174791153245; -0.23130461500032284; 0.23247922203872148
-0.23011667629904808; 0.196182684982513; 0.3023926761644019
-0.4933702070257129; 0.7636921358930049; 0.9091973600959335
0.45155905930336426; 0.7150515602138654; 0.8456975332843429
0.13464177423682178; 0.09895153702558424; 0.16709223216345173
0.41980409763048; -0.14301632615461868; 0.44349650498522064
0.5272567107239738; 0.059951241981994086; 0.5306541156145383
-0.637553745450627; 0.606085992884575; 0.8796675560170467
-0.7780461543853245; 0.7285752675171882; 1.0659163845215696
0.616813366041608; -0.7389862161274705; 0.962579532378481
-0.1769073738042677; -0.44574258220559626; 0.4795650826505571
-0.5617381250414877; -0.9560361100933195; 1.1088529050002494
-0.989472261431185; 0.26298170657656694; 1.0238235854558475
-0.9670413297138081; -0.4401612357536231; 1.0625021632141773
-0.8496270883711055; -0.8958525636253605; 1.2346732381679344
0.7474364097956796; 0.40160457335134647; 0.8484971538107667
-0.264402103298077; 0.3066436717393741; 0.40489358311320767
0.8542204300261294; 0.35834174456291246; 0.9263375998902436
0.7145952287974062; -0.1350399547403791; 0.727242827669205
0.7856316907291425; 0.26782809081433; 0.8300295414665553
0.8091252183996065; 0.24709792020692145; 0.8460147760061859
-0.39108643784803143; 0.522989960428214; 0.6530444859099317
-0.9901129021988828; -0.04595599022992225; 0.9911788497232511
0.43093127798918673; -0.11258659724297271; 0.44539590055157113
0.31617693547522907; -0.03867286380237012; 0.31853327129388515
-0.8920505523081961; 0.24493013261328667; 0.9250648397465552
-0.4893048452933153; 0.5694237496856336; 0.7507746921237838
-0.3810351944379975; -0.3935981840354974; 0.5478205453215896
0.7848082400257403; 0.9731989255986482; 1.2502160302918304
-0.3202956940578532; -0.995754756732389; 1.046000414525339
0.6414719990341318; -0.0731983570417114; 0.6456348232696646
-0.8758965574179993; 0.2805910683855226; 0.9197424242441096
-0.6677114551102283; 0.29126398425756084; 0.7284732636212582
0.03282233587552619; 0.45408004354382614; 0.4552647489945701
0.6142367889098241; -0.37704548204178656; 0.7207288868765945
-0.3635653058970767; -0.0895713872003665; 0.3744365968452242
-0.6962712209133575; -0.9110171355822239; 1.1466236672930736
-0.6171694872855944; 0.376200013071204; 0.7227894754844854
-0.9164741396331668; 0.9804703113806736; 1.3421053908375709
0.7381736005267681; 0.4323663236889761; 0.8554770028323222
0.4878804804125534; -0.8291463942155635; 0.9620348778543606
-0.7006871884951307; -0.06113824990599226; 0.7033494307403528
-0.5635712014320902; -0.05992606590185612; 0.5667482972696813
-0.7830688916499229; 0.8606083776567175; 1.163547879875498
0.3216290090016647; -0.7864374179195823; 0.8496640699331782
0.6116114022297432; -0.7284232067334264; 0.9511408283977935
-0.31746306224929; -0.017630332134841442; 0.3179522361989005
0.44139457869213117; -0.8701000388936748; 0.9756552935240901
-0.07759197164076714; -0.6253115779933327; 0.6301072001140865
-0.2869293923741927; -0.8339465835252875; 0.8819270833701178
-0.5317839489020131; 0.130391852428271; 0.5475364859892854
-0.011803011758181547; -0.23996293073602648; 0.24025303164369605
0.8047506202315222; 0.2156264692075165; 0.8331376446817895
0.03872382084593018; -0.7385921558861941; 0.7396065893686479
0.7999161053094705; 0.18532164170318488; 0.8211028476488409
-0.8273358566637989; -0.8911455818834253; 1.2159872811143917
0.4882906216494167; -0.9188642512723473; 1.040547569050577
0.6255424610559643; -0.22780449276344994; 0.6657313703793486
0.3478394334536441; 0.6472427789202089; 0.7347894163157949
0.0015762002329116065; 0.5424121750311157; 0.5424144651732289
0.7667230491122008; -0.4714186548344914; 0.9000554328294851
-0.3009106701376041; 0.6313091448763268; 0.6993557519654364
0.8434212716120792; 0.4109553927126859; 0.9382130761225697
0.14574966202899442; -0.10688644487741561; 0.18074201525959288
-0.18279288497206947; 0.6729629055045749; 0.6973466218327666
-0.6880850759487187; 0.8413602885659892; 1.086898434500298
-0.87344422611987; 0.06839914671618641; 0.8761182907653744
-0.6500988205530189; 0.38335453733734903; 0.7547113208250948
0.6508878738216599; -0.9985375614684076; 1.1919447495380626
0.7604852322643665; -0.006432168539177718; 0.7605124333528701
-0.9972954329478168; 0.8463412624086273; 1.3080105936245325
-0.22418317703651125; 0.07763994833416477; 0.23724683020751935
-0.4575306419737264; -0.32966407426991107; 0.5639261389660242
-0.16979533165886274; 0.8617574227707359; 0.8783258565894573
-0.060668919290572276; 0.5574910498267132; 0.5607824786891765
0.0025601919343700708; -0.4908904838504189; 0.49089716002197364
0.9603710295353829; 0.7008734068329914; 1.188922220658919
-0.743327907670355; 0.36543568826755335; 0.8282992337200175
-0.4066935425408553; -0.9184071067509052; 1.0044258316446262
-0.26701302652812586; -0.39136531094375426; 0.4737750130028082
-0.12144446361410344; 0.022379575376781702; 0.12348928348873982
0.33960438655635405; -0.3964301745853276; 0.522003853137188
-0.1650188674305959; 0.7796737759927403; 0.7969456842086884
0.38881152819709386; 0.1246025219609117; 0.4082893495279775
-0.5508179920030059; 0.6732961982456354; 0.8699012765171973
0.0034911515395590342; 0.9920102157777038; 0.9920163589106777
-0.87225540343755; -0.07114697537510684; 0.8751522044370507
-0.9775130149960203; -0.6897798355499243; 1.196381175051618
-0.9131594245197108; 0.037722592858747905; 0.9139382520724013
0.4629584911725302; 0.9476169936426471; 1.0546603866596462
0.20669760968504858; -0.9458907879415348; 0.9682113842349563
-0.6827211079389301; -0.16529627454143836; 0.7024464176025378
-0.804186966040422; -0.3825711405041201; 0.8905489059540312
0.44257433240777155; 0.3308910090422237; 0.5525946973787983
-0.2043114536083921; -0.37864729866499025; 0.43025218983971303
0.6516395147483949; -0.246796569088368; 0.6968088717111122
-0.9807104547679928; 0.2534143758498406; 1.0129224264367966
-0.674016425170499; 0.11185028583386081; 0.6832339481032359
-0.0917989799143124; 0.231024910877629; 0.24859517726481492
0.14707620393957432; 0.07492588508018505; 0.16506149769199466
-0.11634982248133285; 0.6884455604826978; 0.6982081143468425
0.20733693673121145; -0.6451447759297491; 0.6776432595713828
-0.4580295501580116; 0.6907746000190715; 0.828830873489555
-0.14646669376495924; 0.13900221497004073; 0.2019259967141818
0.6066834182268876; 0.8817154073274573; 1.070274184249104
-0.9433239867658874; 0.44044387434066445; 1.0410816252590875
0.2276211109391777; -0.15004818261247155; 0.2726276347887188
0.7342154729870771; 0.02653831840389964; 0.7346949320073906
0.102403628863182; -0.22949983328075207; 0.251309921571436
0.8277685207251004; -0.5038396298605798; 0.9690485522002843
0.08170625271328502; -0.03504167259524826; 0.08890349009302036
-0.8135397469955441; -0.03887402308125787; 0.8144679917664636
-0.42264007468765863; -0.3852158242846888; 0.571853009095276
0.13285069419645223; -0.5771549173162116; 0.5922475036087212
-0.2710778497093287; 0.2074226402122199; 0.34133173347293894
-0.2710540864633262; 0.8204084806249217; 0.8640256899362199
0.42591375440355606; -0.3160332408073534; 0.5303579314814961
0.38447982264374336; 0.9749800813449334; 1.0480509973467595
-0.6742810224557674; -0.508968265234035; 0.8448097964982048
-0.9863343531798012; -0.44345515170922445; 1.081437898281759
-0.4911588496265711; -0.5297046764539095; 0.7223739058296871
