-0.15689747854000236, 0.6592980098246413
-0.22604118869757506, -0.7847139789850555
0.1532782899314944, -0.1030953880749419
-0.3969994222392228, -0.5872401125852604
0.2180815966511569, 0.20142504295019048
-0.6769167583549571, -0.30895710301179835
-0.4485136566333092, -0.6802885119573137
-0.6633368819844494, -0.45304284720672294
-0.12304979205046229, -0.4367296976357622
0.6085733764344374, -0.47570957606293907
-0.8092484009443679, -0.618834786326323
-0.9095021069435989, -0.9818119866340411
-0.23432146434895662, 0.3513761927236112
0.23131433442353, 0.39351601292273264
-0.5122980773720276, 0.20172795310031932
-0.5405199812442991, -0.6237358493418363
-0.9071753788350085, -0.8455255366530197
-0.6346282963194831, 0.8372538400289682
0.5772919693355278, 0.4187539131398541
-0.8513113480490329, -0.7690032843119763
-0.522634610060605, 0.5737892928077286
0.7092906026515622, -0.3652170259438825
0.33023345559604955, -0.44927536371456145
0.6093789575968238, -0.9840673701684357
-0.28370201653896077, -0.16879758589843696
0.8921718029668229, -0.07949771008246298
-0.2621186479765849, 0.24565316717616725
0.9705508223221702, -0.2443161465746655
0.7677765045947291, -0.2570870498376874
0.08108266187369484, 0.24534416151720584
0.5227429038254972, -0.3228058100221627
0.7545918039137378, -0.5639333604813368
-0.8484782083689177, 0.5098592752286328
0.8023526834743895, 0.2712816615761413
-0.33149069121087793, 0.533258419124411
-0.870750338694916, -0.745100080352354
-0.5110579452018122, 0.036248363966533415
-0.3658802314220875, 0.5977951519626816
0.15337472224960758, 0.35505601789240715
-0.793342123288439, 0.7593899935410477
-0.3823164273353097, -0.8164512652029767
-0.6629713760238343, -0.6284210359992819
-0.40076512845423573, 0.6042887052414032
0.5044917325033211, 0.9536787457654861
-0.10372413515411072, 0.16276123546433263
0.9805052062592254, 0.48368383786966707
-0.1421648302849312, -0.11133345063568068
-0.7548750007434222, -0.4137523237423024
-0.8140975449823806, -0.3372950224744595
-0.33647577036355103, -0.5848067030013635
0.24539238705208732, -0.33359987539992075
0.36030087084000173, 0.04474051633446208
-0.9297635131278226, 0.26721889936277154
0.5416180933901782, -0.8483312265920713
-0.6124363785303546, 0.8410535839324718
-0.9234237099261835, -0.5524946488929954
-0.49377005241665484, 0.7527886934872536
-0.023759463904929, 0.7738405900029901
0.09464626970157086, 0.17752284838272492
-0.6226824494066605, 0.9026083024649982
0.922316713646316, -0.3348686122224258
-0.9835559602297843, -0.05434631573687998
0.9035715517500909, 0.8417053170038982
-0.8832247863696452, -0.09384349358724786
-0.7361110202504091, -0.438820653778881
-0.12238540280274868, -0.36742922468223904
0.018266100138514263, -0.7347703098194638
0.7180951791524268, 0.8568432029856958
0.946866030121168, -0.11889463502234876
-0.28294485445995465, -0.7454468752618955
0.233082331206097, -0.8618009458751976
-0.32319924721794724, -0.8339211467074947
-0.7017553928414832, -0.6593939012694401
-0.037362750775399745, 0.8262323301726666
-0.24398439677142703, -0.6828311808156984
0.49391836250262555, -0.40312938674728116
-0.20399708195134192, -0.48849767423378365
-0.4845286312654691, -0.4995494466819397
0.042979179002966106, 0.22751163233899518
0.42618751344505523, -0.18490125677882685
-0.4075959262482849, 0.5366824632684664
0.6422583993189603, -0.33606801049240564
0.6188911061434865, -0.9771240775384291
0.2945690909368015, -0.4664861526174191
-0.28590523181702276, -0.9267633241799871
0.5327549932881861, -0.028124347642756176
-0.3579068622324062, -0.3806105724183442
0.9820209156988298, -0.5341962891478556
0.9315785114952522, 0.8121697540804067
-0.16944781697603029, -0.9689400620975224
-0.06172115361609154, 0.7292116904799006
-0.5765334786285445, 0.18803718240054734
0.8546371373883561, -0.23108809315262602
0.46451705331349036, 0.4279061056317688
0.5589149022043343, 0.5477535784315504
-0.7442811533369349, -0.9489520219573602
-0.5282632401227081, -0.11687806806938505
-0.9850096700974902, -0.2828866687801497
-0.135559421297349, -0.4276775475779355
0.16785035616567745, 0.893790999180121
0.25061313551426356, 0.9986786574772148
0.4147567734586375, 0.20174745898950808
-0.5222587949745676, 0.4187435480485189
-0.9521146878268711, 0.20269272564829333
0.26018115126658126, 0.4523153528864381
0.5242871242834004, -0.5784868823557783
0.338026842760236, 0.7628988950624636
-0.2734627491554218, 0.21350715856449032
-0.0012625657365952225, 0.4659044276641575
-0.9854986179629088, 0.03399631934138525
0.309051790285392, -0.1482187113123925
-0.7838296358542995, 0.08382114389312156
-0.6206911372767998, -0.32881639396646634
0.8422202177742004, -0.33327499469554955
0.35543613902915117, -0.9689594191476099
0.8990183039769626, 0.5066578376901532
0.5671409306518631, -0.8682109803410012
0.2893057699325614, -0.1124838325057016
-0.24669829702630897, -0.5577750443373619
-0.08906296125019963, -0.9739609039387591
0.2860038628892545, -0.3860669065716582
0.25203870292187336, -0.015572116590550245
-0.14163845394056374, -0.1380736283678612
0.5308595667707772, -0.45997840046554117
0.9469584601813863, -0.6736218503840405
-0.7507758585223021, -0.22495740876571912
0.48941314494193544, -0.34733569374269213
-0.8626207082129755, 0.20062647739146677
-0.1439188622644758, -0.8004973189271214
0.7519812925014475, 0.6188127072039602
0.6661363922032002, 0.9747536649647994
0.06050668353684885, -0.722710972050645
-0.4935618570116058, 0.7870918767666388
0.1488411984991831, -0.011712877923496512
-0.871732625357432, 0.26633364664165415
0.5884523943319888, 0.6201982590983619
0.1017299428772247, -0.18949665062473753
0.7571954707397706, -0.860380406581402
-0.6439815324274096, 0.8417106918395962
0.9102064967081713, 0.3052506650447202
0.19437336751209933, 0.2197474556501271
0.9560611025021024, 0.18007980724997807
0.5045939302196694, -0.8108214514730816
-0.43711059773987126, -0.8195025107995557
-0.7795041414680242, -0.11351049424535997
0.12730508644195293, 0.4049999250134546
-0.36347394975933134, 0.42721952600704016
-0.4681035478210598, -0.6503803863099624
0.38245307888150526, -0.5690539082491255
-0.9909484255906977, 0.9137533918963505
0.4119442016339223, -0.5785603458693191
0.2110723861431676, 0.3033185903497748
-0.3071387186401233, 0.6849641956773465
0.7751142299778568, -0.8623979083579232
-0.9544960601053221, 0.13364136206633015
0.03730757182805777, -0.7562822088571697
-0.2113494538368359, -0.449695872047325
0.0025593823935476934, 0.5351700398319394
-0.6609958035700001, -0.24919295568828748
0.0732896824964624, 0.7729720240648907
-0.7070612120443316, -0.012040840584891743
0.3150496478415594, 0.4313369825706057
-0.7770751862776806, -0.9911459426433309
-0.7627658147689735, -0.2624088462572567
0.256540367089944, -0.8642268767382892
0.14617769181010143, -0.0844919582124708
-0.9823344573356987, 0.7768261404209875
-0.45920137491336366, -0.7991164484203293
-0.4924731256951018, 0.5649757780046245
-0.536782802498823, -0.6865222752950364
-0.7510433826079985, -0.14276141862274905
0.05856324903686838, 0.7173239123879853
0.7621130758595265, -0.09840510857484874
-0.030652998838128998, -0.2327030596661377
-0.3178041621880239, 0.8889201640869777
-0.9036181197552215, -0.1719849960120805
-0.6568495250135453, -0.2750601058998692
-0.9212454270517394, 0.5020245004899762
-0.3561995929437851, -0.7766604807883408
0.3830421128543462, -0.4371994856750845
0.6436808170250532, 0.37734467425557394
0.5427866423561492, -0.8128234297943795
0.8982199923537699, -0.33051088906686177
-0.9540287401940375, -0.5307632404947549
0.3916720302707539, 0.5598003197313997
-0.42654748417399224, 0.7714199641764936
0.07674883036384417, -0.991703261950367
-0.5576036520996082, 0.40313280552363717
-0.21397801167732866, -0.03925798999037733
0.10417249137919926, 0.34182034622700286
-0.20663173001053403, -0.03712779480129558
0.3489078753156454, 0.1638556742667856
-0.7295773922298794, -0.6591086661171204
-0.4391808465939333, -0.03277154724374598
0.8861817935124565, 0.6057324167640579
-0.6622934790431596, 0.6799372399306467
0.5357759221499527, 0.37318442290886433
0.4133166707555065, -0.8247377543386964
-0.24023401509489672, 0.604542844126128
-0.5358774981224825, 0.11593291329269761
0.2623123886342038, 0.06189529930401383
-0.33961504092969497, -0.8948873755826872
-0.7830128265473251, 0.6596492209762788
0.5048373083047202, -0.8044313429922056
0.6399061835881645, 0.5736212691578229
0.001965497161709129, -0.20424204675319557
0.464739100945339, 0.9674693903531053
-0.4124910680443359, 0.3241894710627635
-0.751044048117183, -0.9601230911001342
0.6764596595819996, -0.23077856804783448
-0.43200868457786945, 0.6923457910866131
-0.9646904082414263, 0.1101162440690664
-0.9012715850272384, 0.24218748371621923
-0.7804172671509442, 0.7235520642025521
-0.06963267305175425, 0.8702934571864707
-0.0011859836200844853, -0.4270049298220362
-0.5318661324547214, 0.3947489942123512
0.4504693617081297, -0.08188040402301455
0.5280158945874065, 0.24824546818258764
-0.3845289237444818, -0.243417713720522
0.12988540363941192, 0.0036038245694933746
-0.5445221844015182, 0.691342369493477
0.5627659079431495, 0.0670136912060435
0.15646103933277566, 0.2604187355037537
-0.2982626157239574, 0.7518744527244665
-0.9577105816217266, -0.558130386981019
-0.7191353508939877, 0.2586353812497413
-0.9697654218120917, 0.9899538126550695
0.08088135762578497, -0.7078234601916009
-0.6508266949628032, -0.13283911842084284
0.8961335892179774, 0.8225613846971762
-0.14336073244341296, -0.8530981528519885
-0.5165164637784221, -0.8250136198650784
-0.6205284858693112, 0.43429620433201044
0.17910923060167927, -0.4404534492497514
-0.6655707622756024, -0.4576102948905021
0.6454687606746705, -0.631081720710766
0.23934173060738706, 0.5995483359012139
-0.6384728642971986, -0.7373665282443755
0.29053206765829764, -0.14676295843952047
0.5614456715318699, 0.1510315652286469
-0.4243451181599449, 0.5833938531277634
-0.4712460082871579, 0.5108448578310731
-0.397576193615925, 0.5021822658933859
0.9290272325128837, -0.6883446725547115
0.4765762472856272, 0.7124695180628138
0.34099065375773296, 0.6572442510493224
0.7276124205627232, 0.3841481491580112
-0.20390862976945234, 0.26545432691122794
-0.4876279170633735, -0.22360517989857032
-0.3764576105332764, 0.3222972149601826
-0.38214651429052693, 0.932592912211188
-0.8678850469515722, 0.06965471167079373
0.6185418601117976, 0.9509692014259421
-0.25973315074229997, -0.497243417457631
-0.35527101784104387, -0.07282876717263509
-0.006717890114520619, -0.8098349692517985
0.01390322965425872, -0.05395748368663478
0.7623123189202414, -0.6767064526876458
0.45483011141814766, -0.9310019182886606
0.7956033722525133, 0.15383673724414626
-0.05721801068459831, -0.7112732117691203
0.7339196496542209, 0.10951364920150786
-0.9819630302397446, 0.08849651461730534
0.6523004623419382, -0.6934704036621595
0.5143068166461433, -0.9037460778656947
-0.4573528477995561, 0.3243081382316826
0.8117241593567337, -0.6960767933675363
0.008757349371417478, -0.33268356379164943
0.42167024590366586, 0.6765221841871809
-0.4992280166717096, -0.5922807505420591
0.22616844690465898, -0.056704401102310564
-0.7288901999385351, -0.84164936371526
-0.3888739049137333, 0.8737984115416388
-0.15401294307017444, -0.7775217350868755
0.48645486989212583, -0.020093577380755123
0.5706769489175947, -0.6020289289538756
-0.6169967243137766, -0.6934859037513212
-0.046246368224201584, 0.2252885707889638
-0.013830956028214603, 0.8915317010068238
-0.6333162385555997, -0.7413535052379441
-0.8593386668255176, -0.3192447385637307
-0.2856454620921356, -0.29708707463624795
0.8379697431879749, -0.4933223625374721
-0.008689611211677661, -0.33820359705787184
0.6670408740467804, -0.5352650761522662
0.9712411013056241, 0.8274244754929005
0.9152194701281533, 0.9002416995700859
-7.065547068791922E-4, 0.5927086041795122
0.17976997902887026, -0.5992576250394606
-0.019958948874637228, -0.08172766278005339
0.6329735894252155, -0.5727389922201502
0.8946897502136031, -0.5123913450562314
-0.4135364971644915, 0.6208842315328433
0.1703929429885518, -0.7567945073503535
0.7287295095556228, 0.713080858426355
-0.7561429734842631, -0.8735368581571454
0.043392125420081085, 0.6318433280490143
0.3275830392039134, -0.9819984370791739
-0.8714581466534062, 0.03064757759765957
-0.37973573612645994, -0.9649739732061744
0.6787719899521334, 0.48308777536849323
0.4841456428213662, 0.9436297237227182
-0.47715194049113663, 0.10173610329875693
0.8075760828024281, -0.827410961392562
-0.6355270691209287, -0.7199258405197722
0.5272527936333791, 0.9187730146263686
-0.7164635580062504, -0.8236077078228734
-0.8386865415482219, 0.506658878387765
-0.44683480967055567, 0.49885061763140914
0.147568321558871, 0.8789097877184102
-0.6598524136638741, -0.7297356868007931
-0.40822727319696406, 0.11350826373763834
-0.002435135706279512, 0.7796711795189277
-0.5286867326435041, 0.8006732908162872
-0.18306875030345227, 0.8895484342795807
0.11448197775636171, -0.9743279150270976
-0.947215667944183, -0.8237803666964154
-0.8425193598757112, -0.14597443408865218
-0.3456958485655677, -0.1647914982303713
0.25741203746442554, -0.31523985039187963
0.3079660220445075, -0.3625487618842409
0.05787284978849816, 0.3694456586272019
0.29043875224739524, -0.6821427877425477
-0.95079623741095, 0.47946773393441466
-0.7593009940072, 0.5832572515475853
0.5235785299577151, 0.8636085436445504
-0.1813347917382604, 0.1424371338921524
-0.7997461858145685, -0.869619555948993
0.013480598517375597, 0.3221715950915367
-0.25836931937534846, 0.09943609897461902
-0.18244895289688534, 0.2813201889036714
0.31379955741907883, 0.42140902076775477
-0.518585425661191, 0.8101748871034284
0.3737015028062327, -0.0983036650926854
0.6882527811216685, -0.6699840614818722
-0.15026751261925053, 0.227979798859564
0.2750195104619564, 0.8379105107445772
-0.5464507165974211, -0.8219132501856612
-0.42686378644352563, -0.9595424712407397
0.10258193484834188, -0.8673379361467353
0.2581807943475922, -0.17453859086607904
0.06255020553087953, -0.977143279968967
-0.9103085549062828, 0.30465289808686435
0.05198285802059588, -0.6604712036001363
0.7381385722496592, 0.6365198490965867
-0.8755187326578793, -0.46860759939849217
-0.8684902282925218, -0.6429253454576391
-0.19142171913199912, -0.734467798515785
0.5717655948205111, 0.3158369818690392
-0.8691564305648178, -0.28184362379903427
-0.12348852385517883, 0.8789103869437442
0.6051822591819753, -0.1286728841777327
0.2812332822394368, 0.8338862833807421
-0.04490906116431814, 0.9572279741749301
-0.6330211742103573, -0.054073953927507024
0.01911553119484588, -0.0989258978128793
0.2519085947645183, -0.9646420075489279
0.5962492177274898, -0.3492228049005417
-0.6081490103408451, -0.46817495401313636
0.4291031949720494, -0.6865953550471253
0.9463104742287014, -0.27466508795653377
0.9513285068105186, 0.22911344516686527
-0.17313945854838697, -0.5681063625196583
0.6364686920827443, -0.6149759096649585
0.8171180437674415, -0.16368477570773443
-0.538955650969184, 0.4178810456405655
0.37149929789623237, 0.13390805863548905
0.6889518107321502, 0.9867762322981046
-0.9465390455054445, -0.37478938158410924
0.9386344376756006, 0.984156321447544
-0.27150866691307396, 0.6831994698112172
0.672915622962996, 0.286755541026368
0.09328362366741505, 0.4177664050361274
0.11987144865654309, 0.6299858762644943
-0.9380160759439928, -0.9539634482285748
0.18037017823477441, -0.2577303469192913
-0.2589282017289336, 0.6967300790439586
-0.7079962709212995, -0.008625339320839087
-0.08970896821499075, -0.8523534263264616
0.7525017671954248, -0.6656631899061929
0.906620441151404, -0.6635873302700999
-0.5637332134782751, -0.9188724116927107
-0.9879638239185675, -0.4646696591213597
-0.47652628533288577, -0.8652075394633036
-0.6926001235209549, 0.8544923761051619
0.9691188118712275, 0.6778955464172594
-0.07704425374782908, 0.8573310849233076
-0.8105536665527857, -0.07097445251565793
-0.6305561202788892, 0.8052268571370056
-0.966114750709449, -0.6499362530018957
-0.5518579747846364, -0.7893925071604564
-0.9057509960085697, -0.692372098558258
0.8751426090527172, 0.633243498616819
-0.8687837808395034, -0.39694059129213644
-0.05257369383637256, -0.7689100272997367
-0.5575362589608885, 0.3709161441462858
0.42883865377500285, 0.7666767947582231
0.6815854073337293, 0.9279064251098681
0.25265882442684773, 0.6277106332350928
0.7417364469162, 0.5849597789539458
0.1328458431460906, 0.25150693624666864
-0.2826517987444246, -0.16968888066596466
-0.6908900515362697, -0.5141078654144504
0.4123568470408623, 0.35603310223569395
-0.807795029646801, -0.6625115470806133
0.149476755226589, -0.07869389075232713
-0.7553168690662804, 0.8268095776910371
0.7400037598634439, -0.12251863172959099
0.8512487860011848, 0.7068699444080813
-0.7821588030202957, -0.8535701166212142
0.8552363796920026, -0.6868748869796644
-0.23529774994749597, -0.24366070886907787
0.14203123376710303, -0.7016566200412291
-0.09282576055068104, -0.22103800365738735
-0.01973262342091564, -0.15217361236995908
0.09962945839622073, 0.5684512031499678
0.9789520400694189, 0.6547929240272576
-0.6920740497571105, -0.6419861573447592
-0.7197572812622324, -0.2814127869227916
-0.8273614406599701, -0.2981816247064457
0.39461625276119583, -0.23741127466616652
0.6819207261501763, -0.6966745053668446
0.7934524749122445, 0.050109238377701315
0.8753767602215965, 0.4979353484031259
0.8694040471758684, -0.42890147881347906
-0.031283232963936314, 0.46825284992146643
-5.516764320629974E-4, -0.5100295251383657
-0.8386610190629789, -0.6110481818106781
0.49682391900616896, -0.5921425256686503
-0.5706349528058619, -0.051998138022011364
-0.3572835842230311, 0.7756803752360237
0.8635538653054071, -0.882717285348593
-0.7461686579179125, 0.16893109844765752
0.15430500699138983, -0.10072444406510495
-0.4440959968012197, 0.763174684146833
0.6129832664091734, 0.057157201548240444
-0.4082821908391492, 0.4183790784890795
0.8179938003163221, -0.5633983101358282
-0.32014625206791947, 0.9447052040323596
-0.15803602548927276, 0.43297633822800363
-0.9093811720211804, 0.5753157887893929
-0.6655359633719262, -0.5613872777539222
0.16924573907870366, -0.44320184385664185
-0.9740417710243616, 0.2763063476768812
-0.452327975438946, -0.586081703608142
0.08302967622800761, 0.6285064590845819
-0.15545687448728085, 0.6259871658602729
0.258765390441998, -0.3547214851404845
-0.30748661896055274, -0.91984725636751
0.831398645356479, -0.3749270906361346
-0.79467776359362, -0.14960486116051963
0.24214945416336797, 0.8719821667226033
0.20222152875865462, -0.21396551343126125
-0.10050584711174015, 0.7975763362041557
0.3635046085427813, -0.6256930104171603
0.2439462153607168, -0.8079074129149821
0.25060524640468373, 0.501041206285757
0.9917330101856361, 0.4682481093826103
0.037036039319979785, 0.7691616291137506
0.19234492477739495, -0.3964736803366433
-0.5656745508143624, -0.373932129330556
-0.4103828039554298, 0.35924421344871593
0.05859315083069783, -0.16826987294397866
-0.9862203568063437, -0.6685822617068653
-0.8057961364834991, -0.16631077118074944
-0.7609517654937603, -0.6041342351075696
0.13271720714408564, -0.6189476761960571
-0.7920585860865619, 0.2566678110351257
-0.026556093767727607, 0.14461502681452432
0.5669805043306999, 0.8215445307102156
0.44755892488535154, -0.9809937616611781
-0.2887452908889412, 0.8695960867881489
-0.00972683267096719, 0.7233066667973367
-0.06327963006927262, 0.013590713952938094
-0.5974800132670892, -0.5676359206866868
0.38095874967577803, 0.49919362534049094
0.1418960698292009, -0.4441678838561367
0.8508952505668295, -0.3239344176733434
0.5706829428404998, 0.8344148787016352
0.07755559281497715, -0.12717619852104667
-0.9478460431397544, 0.9287711446565552
0.7117913188163152, -0.1562577075972702
-0.22282776412879857, -0.6954345848675307
0.12880163198810402, 0.1474406268495727
0.5410389798739366, 0.09291970814167283
-0.46858969691812713, 0.9802562150188812
0.6826897073347074, 0.9963458245827377
-0.39129403591303435, 0.5526098879837509
-0.5717579621434346, -0.04639373338728747
0.8482398189330824, -0.14609820019153164
-0.912001771303832, 0.367535555225351
0.29751595599958613, 0.852725989305332
-0.03927433587575435, -0.8279829743865437
-0.48540308933505316, 0.7816431079317498
0.2579487158966671, 0.4496421463854958
-0.49451423890562674, -0.32478703827249555
-0.4221053220981046, -0.6002301390886413
-0.6910358803650904, -0.8302258129530196
-0.19476365940291984, -0.058122845339550144
-0.2309800545748184, -0.7817341862347216
0.9176269591409165, -0.6886609543220679
0.5050587796207626, -0.3284746085148025
-0.0597919425544704, 0.32490706613856735
-0.3472121137856321, -0.5727302994969323
-0.33224183959261566, 0.9827212849205094
0.5389857516596084, 0.977316115451442
0.44948953688648263, -0.1685796194903204
-0.8863131237264594, -0.5321642837931204
0.516143681876785, 0.9858464773861293
-0.09846454635322521, -0.2705373884425091
0.09357121299632998, 0.5240750648774799
0.2792693465427938, -0.900568251111489
0.9023627097393725, -0.35777157467454423
0.6872386018066594, -0.3251680555035028
0.19476135006220008, -0.002451956559148094
-0.30803817014069645, 0.6548309267134667
-0.6561979285965434, -0.4225773059810436
0.14060154978017048, -0.031093874475202732
-0.5519694279255039, 0.7961227075272603
0.9725157664028423, -0.7068164925597089
-0.4173751451638321, 0.1695464477379902
0.8116993980997593, -0.3897345041937499
0.9213785521763584, -0.0028680372366869378
0.8864176000189157, 0.170525007487637
0.22111937145479543, 0.19597578112319236
-0.7246532584183987, 0.28807723139561703
-0.6202516887984311, -0.5315271786264313
0.04051709815567839, -0.7173770119899281
-0.6297357196039153, -0.5206870807353534
-0.2738863493715482, -0.6638407384139227
-0.37213028158271677, -0.8193785132968618
0.9722982949329055, -0.18312709241643943
-0.2806674378662084, 0.5564049536438174
-0.0021473884861320514, 0.8799779884475396
0.10340109516916507, -0.7742471840567191
0.4117010164384991, -0.5494416703441307
-0.7424281274085305, -0.14580038996836664
-0.6003042786546298, 0.4731661303047443
-0.6887601048076721, -0.09466452532509728
-0.7650908061368871, -0.4522529825690964
-0.16961406589715322, -0.9289536757694308
-0.9379490021874679, 0.2802551035340304
0.8224662756437784, 0.27473594164400894
0.7151749724161223, 0.6901249917129355
0.5712037556991523, 0.17913152164600787
0.5994181654649486, 0.09064333698498195
0.42949235107885775, 0.5464209411504968
0.8086935862396749, -0.5002317859612939
0.7863512877244168, -0.6078342791935663
0.8485884387474838, 0.17491814123675464
-0.42310489244173044, -0.5164436119063611
0.6233560997067569, 0.3036030699260377
-0.9269300809708363, -0.43733725488416053
0.8190883992940639, -0.10639976256549732
-0.9270788272254635, 0.5380125038297681
0.28200972271138514, 0.8007036382340258
0.10609165910625462, -0.16782940170810234
-0.32439052359861087, 0.5701638292522522
0.9353135144651243, 0.1904882085526951
-0.7009516734475767, -0.9847847312184204
0.28638473363693695, -0.40078847855968047
0.0017387617655815202, 0.18444038142562103
0.7726468710003824, 0.009114396310481832
0.5709725904145573, 0.2650698422315507
-0.6195868852911186, 0.2718129854109117
-0.4570167497600348, 0.5352204281829755
-0.5570195049270976, -0.19879167076016313
0.39399328227241126, 0.0349157670739586
-0.3700724131046902, 0.9997452837627281
0.9274538674582666, 0.28819972582220577
-0.0311418770067744, 0.8180132549461825
-0.8275742614839727, -0.6994128219623492
-0.8492896175202311, -0.13143151456727575
-0.4981214570171246, 0.3732792500001141
-0.16114773580925545, -0.9649957280315593
-0.4887214856864319, -0.29866643121974645
0.8281281879951625, -0.46918368117349063
-0.8404174453639781, -0.3142843415980159
0.5185422362834671, -0.28877707861597157
-0.22201071401427575, 0.4327598458539892
-0.7877880088288582, -0.5188113305954609
0.8916266464674305, -0.07623972534968049
0.4207876161671089, 0.530480692995192
-0.08699736273657854, 0.6169207726716646
0.9760771466816967, 0.5252965640612148
-0.5873729642372387, 0.3206836491056888
-0.6772620572313894, 0.27686992907462304
0.953832589030233, 0.42017656293401795
0.858989988434641, -0.6974785103926229
-0.3718515315682007, 0.31772812137288087
0.16032548116942924, 0.6223513344353295
0.8351895677613492, -0.6913359838778499
-0.32341119304614363, 0.5759715880382659
-0.5530609042119679, 0.9661336688247417
0.10797909284245266, -0.22365823881658486
-0.4902206269154541, -0.7857531715154373
0.37735034660205646, 0.4543624833297746
0.6191344256971509, 0.48844119860057744
-0.7137752907661044, -0.7245050273685714
0.7943657512145237, -0.5919496015370176
0.8607931781661886, -0.22710708148929437
0.21922048466963417, -0.9157314077636822
-0.9431051770164776, 0.7221044064390238
0.2366672705207855, 0.21027340158158947
-0.7380499747212674, -0.37993601187442505
-0.7960082507714008, -0.4572089936384274
0.10965306666910934, 0.9187814567794421
0.5531037211447885, -0.6301939462287482
-0.014342007992694139, -0.3030148995459616
-0.9141425653656645, -0.08835308458659052
0.596292658694417, -0.8285849963909226
0.9422868036333847, 0.5331923958843883
-0.02871462007120784, 0.6147641107817243
-0.9028727143872701, -0.6373875724303253
0.8943318289934796, -0.47991898545257805
0.5966010269723989, -0.309022563619336
-0.24774793023046948, 0.08271632355073844
0.6912466915235462, -0.7910636774342379
-0.5572619764194873, 0.05114346531851233
0.7909393942984839, -0.9845354995427258
-0.4939478718471668, -0.6404210662476966
-0.9965287193258141, 0.05526698281536535
0.5230353193582526, -0.8165175539920957
0.5052293318606313, 0.9516864752533518
-0.05668899310677378, -0.16882048477922829
0.8267343406395926, -0.7434989977719344
0.7733282391126843, 0.03691175346150799
0.3987389757661328, -0.2766567952251966
0.38511633245290033, 0.008145813960529491
0.015998350557874463, 0.7466213915065325
0.4546205478033707, 0.940183433081887
0.22185885669926586, -0.3588785546533857
-0.8768466880782755, 0.8894643017044535
-0.601066904211111, -0.7265064351457515
-0.6061306826593897, -0.2697837552796747
-0.4117560592446221, 0.1326959605870779
0.02265369300216613, -0.047274571060783144
-0.5986045911340276, 0.6866432489349921
0.22289115876478416, -0.2681345831054922
-0.4276313644652807, 0.5806494563669982
-0.4419298934903042, -0.20771556570988037
-0.9114382267400369, 0.4637038518836518
-0.8250848849540033, 0.27584651761476664
0.5117250075936748, 0.1698934598766786
-0.44969201287478877, 0.6348900464677627
-0.40593003521698834, 0.9728801011265069
0.08383267978519116, -0.9235592085348026
-0.5355467744829356, -0.21323587492882368
-0.6398156174615341, -0.4576855302441021
-0.7489029358403623, 0.2199893777835502
0.9506948568912028, -0.6399366076969311
0.6206225933300582, -0.22995875036192293
-0.6429048641177704, 0.3438247187889869
0.3163156334390278, 0.02605541324745242
-0.5884289579819701, -0.9604432306724109
0.46025034259591946, -0.7166743411114209
0.0022581532213497013, -0.048173123251885386
0.047984078048180834, 0.37256468592890113
0.49771232321054293, 0.7647204076353125
0.5428392047872841, -0.199561059556705
-0.5786115317189349, 0.7811658282300855
-0.9879832814918592, -0.1818180805513232
0.5615026029630685, 0.4649823745743895
0.6999675281147792, -0.026571009210050844
0.19827231635552955, 0.09915480076247807
0.7866985587316802, 0.45381460585416633
-0.9235825895522427, 0.5150950243043262
0.9902593051537205, -0.24653409800520687
-0.9723530401935423, 0.9279701660313107
-0.34934854746769584, -0.1288814065161945
-0.0167968985011131, -0.355120371680975
0.9250802842073058, 0.46799122886854594
0.8574954276777851, -0.25770720533206837
0.48511739245669316, -0.46493292018591514
-0.1804714391337947, 0.8215644167712766
-0.5156461610671643, -0.6724576859914184
0.7235159520593728, -0.26822223556848757
0.25690849615883415, 0.29979453604872663
-0.29656524307082455, 0.05490027898301508
0.9901623181627397, -0.09853897165314907
-0.18104971227489375, -0.22027627580961706
-0.25561301641661505, -0.22116839225086848
0.3069606956915365, 0.6501711209719367
-0.3332952245752796, 0.4588166507249085
-0.7359029444104643, 0.3625084101504048
0.12650290978575396, 0.26411364253588054
0.9646172865714493, -0.29128958553447304
0.5518323073486453, 0.07602299966313342
0.42267403969176565, 0.5512346846739797
-0.28537668996546195, 0.768625892699716
-0.7075838786525157, -0.1337731756492917
-0.8350268430061762, -0.3438406363099673
0.8015927549059514, 0.9778554305585974
0.984805848610341, 0.12793440780745713
-0.6874554532766797, 0.9972267154268335
-0.9684104659475874, -0.4818479288560862
-0.30443080241096054, 0.15203667910063046
-0.37188865295378015, -0.5015914848120098
0.8903561504181565, 0.3670403784527465
0.9035464475570818, -0.7206658346672612
-0.6978954997341036, -0.9450981368295679
0.09336155994758277, -0.042746251083710884
-0.5776058575642835, -0.6868046185636973
-0.6991540216129644, -0.0042595262106905896
0.3086717668974932, 0.8214940682271841
-0.9902715628149441, 0.15295316780687052
-0.18018633244480875, -0.2726127528878086
-0.5548134459777219, -0.509537959940749
0.9685281203442213, -0.9696017467770268
-0.31139780324999045, 0.9863794423598351
-0.9653713229239229, -0.5027688612750454
0.493718677917965, -0.7010157003850346
0.6095142293938305, -0.718592354881326
0.8879434946681191, -0.5274186511758265
-0.7594319663147127, -0.050251986884341626
0.10066326662499603, -0.7390576270769504
0.5471599140414565, 0.8593180412530064
0.4012429379495661, 0.575384347061042
0.34395061414604333, -0.1657885199184721
-0.6269384075817723, -0.23984211152289525
0.19185109640550402, -0.7034296229501218
-0.1432859646479805, 0.9008381329783113
-0.07713904451566167, -0.40904982215708463
-0.6344739550539695, 0.08257971372033812
-0.22205583313813992, -0.04441831051671996
-0.6312496683706583, 0.7401988165497524
0.955926323717704, -0.5015486585962068
-0.031023157262213497, -0.9503867002514463
-0.9737179162376932, -0.5824456920981314
-0.34423235924979, 0.09757476915787766
0.602905808184321, -0.2951566642979757
0.49350642170803893, -0.6639194180366526
0.9865710214529, -0.5310108883592439
0.9246668610862876, -0.18554019053144155
-0.19134381835444758, 0.5871177665249991
0.08402281546218382, -0.8314880838088801
0.27070352793168295, -0.7674682754107955
-0.5953233693139741, 0.9471604329295691
0.5844306349151149, 0.6190590382291081
-0.17934497778187053, -0.6775871448854733
0.6421917611407815, -0.42630161369316677
-0.3011054356347549, 0.037976579009746825
-0.5973727264522029, 0.36408772776989173
-0.03413485018736129, 0.00675061709062641
-0.12603169190306662, 0.7612891420705814
-0.47923965358255893, 0.8534766046140934
0.705525285115733, -0.5792182391698795
-0.42980181749971846, 0.23972950046388464
0.6073436834390733, 0.6290963206915097
-0.20013108464694196, -0.3828880721104537
0.6903307059392818, -0.1325763086953864
0.7071791385441359, -0.7083666841956882
-0.6572465541847807, 0.5562022779054834
-0.23550155925254845, 0.7199898086136156
-0.7966357930032626, 0.04584909935779957
0.41856226071893277, -0.47956509547565696
-0.193205098975739, -0.7055408094084115
0.5302378346795458, -0.7594433025333434
-0.06115368351036454, -0.06703745306998399
0.6762045339280949, -0.5167568789964667
-0.43425426224742325, 0.9837116567496467
0.7576926780845428, -0.6379648102523268
-0.9432736014403693, -0.6281964306490622
-0.5637482162068508, -0.9152931833342
0.5755977153900309, -0.1561630980978812
-0.4329779818191717, 0.26438890213025057
0.13765306794399867, -0.20846186535954758
0.97255176706622, 0.8541896948201442
0.9289162902930477, 0.6565823118188641
-0.01889896084837872, -0.9186924239408589
-0.04312260640177268, 0.6776513555113364
-0.451206679050961, 0.23875699959389918
-0.25791139733189783, 0.9638557400845398
-0.18775837221052671, -0.1746176797259651
-0.9215770353743422, 0.8925048288009556
0.4407969320096099, -0.5884584706209375
-0.7341591696847387, -0.7918249906128842
-0.9691168921125601, -0.0695095728152555
-0.7430315558689458, -0.3745093645820907
0.6796404442342421, -0.571114982448188
-0.15847636843636614, 0.8781062613717707
-0.04265378127332031, 0.6405274051306946
0.8364919270775775, -0.014198438442498462
-0.036426737856353864, -0.7913690085579692
0.06904382452231062, -0.13860941120320502
-0.31673727585090905, 0.6846558364584605
-0.6222534523886174, -0.9302754093985788
0.9369857745578256, 0.9282691235783116
-0.19083967492284337, 0.007933623998266137
0.9473458289073915, 0.08198906454480492
0.7100452391452812, 0.7103950342110237
-0.6892353536993467, 0.19389102398966607
0.4480152047075996, -0.21157686168935874
-0.5155857391837557, 0.2120904588450041
0.3707606014309064, 0.5201259829171003
0.6239208138749988, 0.831481080695655
-0.539671999836415, 0.29169144648819634
-0.3215895229637693, 0.04775136061031482
0.5599756222900996, -0.4234255304627301
0.2571809210467866, -0.5601791601273922
-0.7580039339963647, -0.19685170531890583
0.008759876752092222, -0.6374793378520485
0.575334577328892, -0.5509565959633886
-0.04995982267173815, 0.1886919272812113
-0.2629180027941713, -0.8413787167327107
-0.1872968497366181, -0.6898691654900724
-0.12753632312006613, 0.5690758498974986
0.10065827902067959, 0.9955410293789475
0.19439041593131168, 0.8563116634319083
-0.30284533933860014, 0.922776171957201
-0.8170664164521992, -0.012838154482331277
-0.6110463173722098, -0.9673008363749012
0.7987522056702829, -0.9075763501272809
0.8685700766390592, -0.846608986567285
-0.9722658465527283, -0.22710054436562355
-0.7628780426483048, 0.4909777626984153
-0.24313486891746905, 0.8729945035508277
-0.07633372808318262, -0.38808684720765796
0.8011307822873444, 0.699239137565471
0.09858858034335793, 0.29474090775079276
0.6321538263305206, 0.579180413551641
-0.4707451414187378, -0.9545628650475679
-0.9477004766841617, -0.08404134053502221
0.34286393714649743, -0.4678997909528626
-0.025916868143952332, 0.27570962214151074
0.20987968426436154, 0.4685313600327039
0.9009920314371569, -0.31412446392684035
-0.09014243357432661, -0.33006792287050346
-0.8573912402677799, 0.8601364483450866
-0.10718658191724462, 0.24510583601178726
0.9504963593389981, -0.7413199411495348
-0.9415825680168692, -0.20918647136542146
0.6885996824736764, -0.3488314841483098
0.37057656286929785, 0.8330193190869226
-0.6053135860750933, -0.8745536590993428
-0.34963193729329567, -0.0787693712943065
-0.10896869239942486, -0.29702648360975226
0.8347249607959855, -0.7860278852296445
-0.9003417218516181, 0.5148156942756812
0.870503851679699, -0.6467116283026306
-0.6344489758636778, -0.10688815538634477
0.035997620538431585, -0.6135971113838812
-0.266515424448178, 0.8739972807222562
-0.019816350541334238, 0.7256670325409325
0.12192635638533145, 0.47214382600380067
0.18873984717373538, -0.16306776088097985
-0.058898581530440586, -0.07684183488065766
0.09599723702042384, -0.8316380161019072
-0.23565653842707324, 0.6865299824725473
-0.9082275145514156, 0.01900451742464826
0.10702932535501009, 0.36669245263921124
0.7503253473227054, -0.7919360326525042
-0.5750441027884485, 0.9449343627382771
0.367655028405687, -0.8798999801471223
0.18818507724709943, -0.07340266413003049
0.7119278985430975, -0.011043166317754816
0.8821315030064572, 0.6267354314920099
-0.22203612484925173, 0.21595626458074246
-0.403586385470581, -0.9063765418972849
0.40972773806358864, -0.42964260098121976
-0.8740633056131499, -0.13969650042711268
-0.8868581526374815, -0.49193763721654626
-0.8229671025447047, 0.8297028513346976
0.4206124868142791, 0.7717464423097407
-0.13835242013466864, 0.37116161984574836
-0.526934254899492, -0.556998278654854
-0.2077756012900469, 0.41240373192144686
-0.35956343808774394, -0.041134711059577
0.5969897203120755, 0.828455666804867
-0.14073032493468385, -0.14863199077935318
-0.4625369535697923, 0.9339627077508368
-0.4664488525890753, -0.9058195758915784
0.8878291227431077, -0.10934466975779
-0.010638700242660004, -0.3019599472363492
-0.6186067271777438, 0.6612219080377086
0.9289447350172579, -0.3002095698184304
-0.4396401883109049, 0.5504046833265004
-0.4096695517660043, 0.697765678387376
-0.5884763784300264, -0.5928447951108347
0.7817242868511416, -0.1451241894887061
-0.998393880640714, 0.7511578965386605
0.5498810151566356, -0.1300083244057313
-0.7190552252620752, -0.4604536195392701
-0.9722565292990881, -0.483468294418806
0.713940544736053, -0.7516916313640896
0.10525007763911765, -0.3100056038108987
0.48951182170525454, -0.7409749105324674
0.1139558224190107, -0.9610105743671875
0.3824118104461385, -0.6313334203021987
-0.9678975682092914, -0.46958011878357
-0.19400170312884613, -0.15713052177242748
-0.7159432438828282, -0.49773717357374125
0.5631160506000898, 0.335800622842126
-0.19739352850054814, 0.42396954548430665
0.22920242043339223, -0.7565912631507499
-0.04345371010994303, 0.7054539783703972
0.7328602410768068, -0.1311301977332271
0.43278221176599674, 0.16014511022767763
0.26020836485306686, -0.7684305741291102
-0.011345435733004505, -0.9591561302429703
0.34807181131490394, 0.7832669432655248
-0.17215089894129898, -0.47269898280223366
0.0386812282983533, 0.3370821575183218
-0.6178972318747216, -0.16814766993186248
0.001196725104998464, 0.0984736329203586
0.6015240424299029, -0.09443897941429324
-0.5951109141484856, -0.6846326500587516
-0.42499381693311755, 0.6588401563454407
-0.602296196729792, -0.07789678860503169
-0.5456330431912033, 0.5310667912139304
0.368924166993452, -0.2828403020314665
0.5078034251628023, -0.03612018214556767
0.9932744936629134, 0.32966860847184387
-0.6381632277001852, -0.2431940016918328
-0.0034355342481418027, 0.7802070638967513
-0.6384482885576956, -0.9811863607990141
-0.6414004537147668, -0.7040386948357904
0.3597707652727329, 0.9449058591092643
0.382903785334477, 0.3222506879007221
-0.06943361572748707, 0.9155945949114856
0.8155874706226656, 0.005160018594913884
0.9573604879755322, 0.8465564343721832
0.8277358159533876, -0.5241639356382428
0.24669112425293238, 0.93396776422046
0.4493113738991634, -0.49466233872482124
0.5797030582502138, 0.8348499272652727
-0.9121483850465844, -0.7259127408622155
0.5855089314203461, -0.17092013598257472
0.24897270346357137, 0.4054762594452608
0.7205362522279952, -0.8607910786870361
0.8753807029622329, -0.03890711614886677
-0.5699393310281615, 0.42260119344301916
-0.5086908873286067, -0.0670352588297698
-0.8187319499754908, -0.9049179090635608
-0.23461419167390196, -0.9087497357047807
0.6267347542011545, -0.28688408486147376
-0.5692893839729554, 0.8509858126784822
0.9711055685241836, -0.3371347831138465
0.46193520819035805, -0.9683868896974306
-0.9950658863890736, 0.7160845161040394
0.8503612433418242, -0.35305560393072555
-0.33035641770571167, -0.3159200591072897
-0.605282849155083, -0.8916839092043252
-0.41161575503234293, 0.7677194367627314
0.3350086804769068, 0.7009096771764893
-0.35129352733009367, 0.5695941999941534
0.9811795537255725, -0.5993447997715193
-0.21901818198476786, 0.4293258674514915
0.44969433425968375, -0.9625130718097705
0.9593739089597435, -0.22878104144652545
0.3059881051533895, 0.5012964047209929
0.6915046754209773, -0.31992034392032775
0.025180101897812834, 0.5198144083481235
0.5739339003096366, 0.0639612442987525
-0.6570508586194368, 0.47138329413247826
0.35167955541195095, 0.2802446782560366
0.4234197687213106, 0.8525195735948083
-0.39655444710022447, -0.6154914570705317
0.6474390276274808, 0.670382183158895
-0.8158916644281926, 0.1502029454513687
-0.934676798048105, -0.6888722714986322
0.09654477248006743, 0.16948958187721863
-0.9432697908213885, 0.08935496211924487
0.4871385583829917, 0.7507458445019646
-0.0010425769487891756, -0.31984408658023145
-0.7279183153745781, -0.3429928255233219
-0.17403654514445788, 0.7691366049795918
0.663718398517503, 0.5636313622539619
-0.9885425096982015, 0.6837494041116552
-0.5173264828972044, -0.8990240996235659
0.07411972493800256, 0.08882461325718927
0.36787431984043684, -0.8221488798766063
-0.5352028930622752, 0.6551392626338388
0.8461273693630531, 0.004055782113645101
0.786443080509138, -0.38874305963605904
-0.9509852448222946, -0.6287930990924802
-0.6416397488113708, -0.36168626770209755
-0.8002143485982787, 0.9297127483586751
0.3531701761009889, -0.05181163330110472
-0.39031561392865677, -0.9706498754617765
-0.2521956016879623, 0.9135046415048835
0.9504665857725954, 0.816303543647551
-0.30679122208579623, -0.3360734301417463
0.3522227437761547, -0.15849428763681384
-0.8062375752559625, -0.09626438863498654
0.4571789292932298, 0.7216741142492495
-0.31411900345059274, -0.4637568587183185
0.839214028180056, 0.8219481788959893
-0.15882182497974107, 0.7247886811970734
-0.9326289470318359, -0.023088460925760446
-0.7692038651568804, -0.02234466951921088
-0.16996458526140445, 0.9014017628009292
-0.6829357912687746, 0.9148772399113678
-0.7044109408476638, 0.20608315078410633
0.35352782847119624, 0.5063215062326765
0.24838954073245167, -0.2567691820570315
0.301796714543658, 0.38783062947376634
-0.03699595055449234, 0.8061211938865671
-0.7186973422238789, -0.2671129432237529
