left, right, result
0.24649229619918378, -0.6894690783187603, 0.24649229619918378
0.8898744933966929, 0.3529408517146182, 0.8898744933966929
0.8493080669094617, 0.5487023835152847, 0.8493080669094617
0.2818204335290526, 0.1396154526368374, 0.2818204335290526
0.5625424249003816, -0.6759996295741653, 0.5625424249003816
-0.8313789470560746, -0.03854996999278293, -0.03854996999278293
0.7841203225522395, -0.8240970756842796, 0.7841203225522395
-0.6701161484325495, -0.3514482255101772, -0.3514482255101772
-0.10165082275443127, -0.24223720237660795, -0.10165082275443127
-0.06225877351582931, -0.7520303865002618, -0.06225877351582931
-0.9849448240641392, 0.7870205753051307, 0.7870205753051307
0.4361836610736429, -0.19781945499696763, 0.4361836610736429
0.1362603126553199, 0.12824664195511515, 0.1362603126553199
-0.7574322508631792, 0.3663541868207163, 0.3663541868207163
-0.9328727654535134, -0.05799066843645795, -0.05799066843645795
0.10754776403099431, 0.7958431287779373, 0.7958431287779373
-0.267004093975479, -0.14181495773970254, -0.14181495773970254
-0.5960684146509423, 0.15739235268639806, 0.15739235268639806
-0.9673385256028939, -0.23988511400569212, -0.23988511400569212
0.6254151594160717, 0.8399256772234933, 0.8399256772234933
0.13060207514091027, -0.10122109451155525, 0.13060207514091027
-0.5298350536955831, 0.8908391096500698, 0.8908391096500698
0.9981105064220417, 0.6901155261849563, 0.9981105064220417
0.12815727349101436, -0.08054639998043855, 0.12815727349101436
0.7955633393956807, 0.7764199510922705, 0.7955633393956807
0.5240732946730184, -0.8866848221622574, 0.5240732946730184
0.502278310651421, -0.12186464070730363, 0.502278310651421
0.35032213595734474, -0.12871407400362767, 0.35032213595734474
-0.6889786477842037, 0.13562680612201317, 0.13562680612201317
-0.807937819716056, 0.9571505245949019, 0.9571505245949019
0.6151782585275938, -0.9858075794695706, 0.6151782585275938
-0.9844827410709227, -0.36893027357528796, -0.36893027357528796
0.7011242306384824, -0.9048793550510985, 0.7011242306384824
-0.3238113441199866, -0.12793145140307716, -0.12793145140307716
-0.3744730321738474, -0.8949215200186327, -0.3744730321738474
0.6306575190288815, -0.5988189384900886, 0.6306575190288815
-0.30248318611659286, 0.43325364058057536, 0.43325364058057536
-0.11051543974561584, -0.8485179688532993, -0.11051543974561584
0.7530668323532519, 0.9916512360113496, 0.9916512360113496
-0.6882711676520439, 0.05686234355303621, 0.05686234355303621
-0.4887688114620419, 0.8050816111328774, 0.8050816111328774
0.6145702891904712, -0.3459859621250807, 0.6145702891904712
0.08147675612761751, -0.8565080016550419, 0.08147675612761751
-0.6038872510483146, -0.7285939401751593, -0.6038872510483146
-0.18606340546528677, -0.08227189634795273, -0.08227189634795273
-0.17700032919780218, 0.9136730585356927, 0.9136730585356927
-0.48186538104188403, 0.20708764400037905, 0.20708764400037905
-0.13565223210743405, 0.9688964387495567, 0.9688964387495567
0.11386196573985297, -0.6845671588426718, 0.11386196573985297
0.6825476449984456, -0.15268545923721755, 0.6825476449984456
0.25722021578472964, -0.584168498507021, 0.25722021578472964
0.7499855406259044, -0.8255590948013345, 0.7499855406259044
0.8303822200549256, -0.8446149088197039, 0.8303822200549256
0.9436544556076647, 0.5155438429024213, 0.9436544556076647
0.812114149476614, 0.14822608549388971, 0.812114149476614
0.7724832456817181, -0.32604159317174575, 0.7724832456817181
0.9771186760345849, 0.9401672344185279, 0.9771186760345849
0.23927384330287205, -0.04097524967437027, 0.23927384330287205
0.42893424924997503, 0.7158133676474658, 0.7158133676474658
0.5675346254972709, -0.5185958125096093, 0.5675346254972709
-0.39329875366643385, 0.46664020227455305, 0.46664020227455305
-0.2969077860050209, -0.7883168251928068, -0.2969077860050209
0.8290050754491756, -0.2791851654429187, 0.8290050754491756
-0.18909158747933263, -0.7544460571440827, -0.18909158747933263
0.7760915719246988, -0.14825192819342026, 0.7760915719246988
0.8337582875854992, 0.9322581219759636, 0.9322581219759636
-0.20608771647869495, -0.7313476747007575, -0.20608771647869495
0.6144390097570591, 0.5663345263067885, 0.6144390097570591
-0.09626575929603343, 0.23517524784027644, 0.23517524784027644
0.4420334878568164, -0.5845965205214436, 0.4420334878568164
0.13979419403047633, -0.017278902952075015, 0.13979419403047633
-0.6079140201326994, 0.7343361790888294, 0.7343361790888294
-0.4980851091238161, -0.8118351082600044, -0.4980851091238161
-0.8690113510925497, 0.36769663340201153, 0.36769663340201153
0.07718897536426739, 0.24146301951848814, 0.24146301951848814
-0.22474100966854893, -0.3023003762788681, -0.22474100966854893
-0.12376308185245422, -0.8854627679060816, -0.12376308185245422
-0.7489830015108734, -0.8264819685363551, -0.7489830015108734
-0.40944968131370807, 0.07775239514726673, 0.07775239514726673
0.1360305834755955, -0.9646192586775422, 0.1360305834755955
0.6457654169760778, -0.9502922715077387, 0.6457654169760778
0.40168772094173133, -0.36074952539736826, 0.40168772094173133
-0.7289563325598643, 0.8479500220640841, 0.8479500220640841
-0.32791633515803964, 0.0011136619532541303, 0.0011136619532541303
0.18989375565548094, -0.22516004193076422, 0.18989375565548094
-0.6711217988451017, -0.8552654966052677, -0.6711217988451017
0.9524911586393574, -0.5020174673462467, 0.9524911586393574
-0.11460329029844796, -0.9558229316685771, -0.11460329029844796
0.680035803123781, -0.9862036793070472, 0.680035803123781
-0.37371967303358455, 0.23533648066121238, 0.23533648066121238
-0.6054280483336565, -0.6297866273718835, -0.6054280483336565
0.13058244482246595, -0.22949221430547517, 0.13058244482246595
0.7998840844541186, 0.5331179106986161, 0.7998840844541186
0.2720797928413301, 0.5539834922009916, 0.5539834922009916
0.18108848596108884, -0.08786466740170584, 0.18108848596108884
-0.08405070868947129, 0.36042628280809175, 0.36042628280809175
0.9019485506530751, 0.533413674764363, 0.9019485506530751
0.9739556149559112, 0.06053005715141713, 0.9739556149559112
0.3721211446604531, -0.7001790406905979, 0.3721211446604531
-0.4195797852831562, 0.7628310090619088, 0.7628310090619088
0.8976729402261403, 0.6835735680631088, 0.8976729402261403
0.5462635048903397, -0.41962247961467924, 0.5462635048903397
-0.577331753896303, -0.3276579873453087, -0.3276579873453087
0.6030248891161676, -0.24342684882852228, 0.6030248891161676
0.1542756758112116, 0.6159248837235145, 0.6159248837235145
-0.11094585890117226, -0.5679748905108621, -0.11094585890117226
-0.4236775126478136, 0.8906837346691507, 0.8906837346691507
0.9393369660711142, -0.08113894397247434, 0.9393369660711142
0.8784868149773712, -0.23770245946165658, 0.8784868149773712
0.6553423432854417, -0.04777132402005013, 0.6553423432854417
0.2981597999429615, 0.598932124603675, 0.598932124603675
-0.9315394030111985, 0.4730145308862175, 0.4730145308862175
-0.844930331309357, -0.5810387093583846, -0.5810387093583846
0.5077651819834517, 0.2771572223594261, 0.5077651819834517
-0.7233179228153708, 0.12292391452747675, 0.12292391452747675
-0.7073179129444755, 0.6142073244538395, 0.6142073244538395
0.7979984866300969, -0.7382386350376673, 0.7979984866300969
0.018390821445844585, -0.5436506748939833, 0.018390821445844585
0.8009661817319991, -0.8888605847918689, 0.8009661817319991
-0.5277869456286888, 0.31559212014503046, 0.31559212014503046
-0.16977430818503492, -0.6193256308307624, -0.16977430818503492
-0.5910389485459464, 0.7308098556114675, 0.7308098556114675
0.03600476380215101, -0.3404301243218142, 0.03600476380215101
-0.2122062814625545, 0.39497263044120956, 0.39497263044120956
0.7122439452411886, 0.8979094905702432, 0.8979094905702432
0.8735228622378692, 0.7114601307310005, 0.8735228622378692
0.2729400243818463, -0.38848398564151654, 0.2729400243818463
-0.3429607582442755, 0.6255421223192288, 0.6255421223192288
0.5963735683017815, -0.8011491794409356, 0.5963735683017815
-0.7427881631573421, 0.873992071542524, 0.873992071542524
-0.3410257533453691, 0.5601374778565522, 0.5601374778565522
0.06651765147365518, -0.23858234274157275, 0.06651765147365518
0.7070939517249377, 0.5918503390928975, 0.7070939517249377
-0.4302636840330185, 0.2945479692958073, 0.2945479692958073
-0.6924078045546842, 0.03057195761353504, 0.03057195761353504
0.4435750518875572, -0.11300347405708, 0.4435750518875572
-0.9271199367444227, -0.6583095528658465, -0.6583095528658465
-0.5035541105569097, -0.6459508466798896, -0.5035541105569097
-0.42920504582087093, -0.893858249630777, -0.42920504582087093
0.7822801919005673, 0.4992923658242656, 0.7822801919005673
0.18275854178188222, -0.7821340852816501, 0.18275854178188222
0.6289496934488867, -0.4107911890033671, 0.6289496934488867
-0.47203692255323393, 0.09349590989888634, 0.09349590989888634
0.8108649384794928, 0.3573687002788184, 0.8108649384794928
0.8469198246834635, -0.5522691454129556, 0.8469198246834635
0.40340836710294736, 0.8373558235247434, 0.8373558235247434
0.9682197542504554, -0.36310292406874156, 0.9682197542504554
-0.4378385621658163, -0.41063071422378705, -0.41063071422378705
0.9520748746410992, -0.6235070595558556, 0.9520748746410992
0.3611480095763402, 0.45867953547037077, 0.45867953547037077
-0.18924715257711666, -0.6452212556748944, -0.18924715257711666
0.08215677920501796, 0.9734450818899993, 0.9734450818899993
-0.2779479420695605, -0.4217925291189828, -0.2779479420695605
-0.995373947425328, 0.9879313874026812, 0.9879313874026812
-0.467430624224612, -0.10082854309420775, -0.10082854309420775
0.8701877020393816, 0.3460634840429777, 0.8701877020393816
-0.7413532895000385, 0.2532298654262848, 0.2532298654262848
0.9673037582252524, -0.6154252624746623, 0.9673037582252524
-0.4036781383232668, 0.71200663684222, 0.71200663684222
-0.28736112634252353, -0.6850917795047196, -0.28736112634252353
-0.8698738766642238, 0.515291599883015, 0.515291599883015
-0.1764121602830624, -0.03566541132854928, -0.03566541132854928
0.9658026331598699, -0.14027405706466278, 0.9658026331598699
-0.9381636702923437, -0.2265142417057464, -0.2265142417057464
-0.43821351908718764, 0.013763910241192834, 0.013763910241192834
-0.29469530871374605, -0.11116243498721223, -0.11116243498721223
-0.9225772516732704, -0.6918462085963211, -0.6918462085963211
-0.1796514184422402, 0.8773700615278641, 0.8773700615278641
0.21575412797575155, -0.8880808103330224, 0.21575412797575155
0.44944056499531504, -0.6586202693101857, 0.44944056499531504
-0.46206774769976033, 0.8471042793611039, 0.8471042793611039
-0.9499405577240925, -0.42693128099313093, -0.42693128099313093
0.38072099767263246, -0.08472832541078335, 0.38072099767263246
0.4841509047161414, -0.44994768387331274, 0.4841509047161414
-0.17436157890383042, 0.5395709759962415, 0.5395709759962415
0.8344485873327161, -0.5557559696373342, 0.8344485873327161
0.9904071812847453, 0.21168005229964404, 0.9904071812847453
0.6445082567604472, -0.3100260952530962, 0.6445082567604472
-0.44687147502731794, 0.31146454201389306, 0.31146454201389306
-0.550940465890045, 0.7403850013198188, 0.7403850013198188
-0.9065427654413427, 0.5278685477958032, 0.5278685477958032
0.5573525612488739, -0.2999213035097683, 0.5573525612488739
0.5569388393163675, 0.8927869616301303, 0.8927869616301303
0.7334395992002323, 0.1092467338205989, 0.7334395992002323
0.10263704438894572, 0.33515370756552465, 0.33515370756552465
0.34140944466385115, -0.6699195474606598, 0.34140944466385115
-0.914276191908477, -0.15630701949712833, -0.15630701949712833
-0.770653747568635, -0.038653411911019786, -0.038653411911019786
0.005133997151431702, 0.7714975417721033, 0.7714975417721033
-0.7324443535038396, 0.7741076901261645, 0.7741076901261645
0.18758949242020262, 0.7627264955969499, 0.7627264955969499
0.2545586313681898, -0.09779788495930619, 0.2545586313681898
0.5625751923948026, 0.06273655907644948, 0.5625751923948026
-0.7640694424725074, -0.677727643581922, -0.677727643581922
-0.8356386675242014, 0.20399988883217213, 0.20399988883217213
0.7253544159580658, 0.4121633224769661, 0.7253544159580658
0.16786555612175325, 0.6621325122966737, 0.6621325122966737
0.14054409830361614, 0.11049306597912101, 0.14054409830361614
0.04303233280370122, -0.9115755499633673, 0.04303233280370122
-0.005025408551494914, 0.45416574915018293, 0.45416574915018293
-0.8862093351364722, -0.415451887893981, -0.415451887893981
0.2582511890101391, 0.36345201036613894, 0.36345201036613894
0.2531094599022441, 0.2711198281071121, 0.2711198281071121
-0.23962516615721063, -0.05872756217807873, -0.05872756217807873
0.03872958414114236, 0.5069108733183632, 0.5069108733183632
-0.05263176024546756, -0.2867604548638705, -0.05263176024546756
0.8230050875384476, 0.022291357238444, 0.8230050875384476
-0.6768196930930277, 0.9321653041343938, 0.9321653041343938
-0.7759596210010469, -0.7232560600944922, -0.7232560600944922
-0.3463785755901614, 0.0282421256312686, 0.0282421256312686
-0.09375579736014505, 0.9958533047359903, 0.9958533047359903
-0.4586209217366479, -0.26935802409199416, -0.26935802409199416
0.8121699797977764, -0.2784910345112035, 0.8121699797977764
-0.06324215091636032, 0.43698958855494796, 0.43698958855494796
0.9848010578393527, -0.44457396966699836, 0.9848010578393527
0.13866477756466478, 0.9313163133794866, 0.9313163133794866
-0.6577809861167694, 0.8935595897682835, 0.8935595897682835
-0.4461550466741848, -0.12573369075023133, -0.12573369075023133
-0.9450102308120338, -0.5788438683975115, -0.5788438683975115
0.24335226172815916, -0.8077158712872736, 0.24335226172815916
0.3939647534934745, -0.964214772107443, 0.3939647534934745
-0.0649972406338426, 0.7300801052164159, 0.7300801052164159
-0.6966837872498759, 0.18355032156993856, 0.18355032156993856
0.7195795914179044, -0.10873247797908903, 0.7195795914179044
-0.8881713045641924, 0.0729631660909642, 0.0729631660909642
0.2856410268986911, 0.09128533003878436, 0.2856410268986911
-0.9670299045389796, 0.7918808644727267, 0.7918808644727267
-0.24010307918687523, 0.5010667923419834, 0.5010667923419834
-0.4144902049899508, -0.024016183841970573, -0.024016183841970573
-0.2235359655538336, 0.9889113666065674, 0.9889113666065674
0.8919704091124356, -0.8827608018184379, 0.8919704091124356
-0.7556623462417817, -0.8387392244093101, -0.7556623462417817
-0.46497132080457937, -0.5349949250733359, -0.46497132080457937
-0.3367353657010801, 0.2928169103060847, 0.2928169103060847
0.02627977146637539, 0.44160998023259634, 0.44160998023259634
0.3767308080854308, 0.35659658497793534, 0.3767308080854308
0.5031941092507564, -0.24918464775185112, 0.5031941092507564
0.9081560718723278, 0.8849212455215207, 0.9081560718723278
0.562979901173891, 0.12498561141762199, 0.562979901173891
0.9066991098509194, -0.4667074045779176, 0.9066991098509194
-0.6835391935722654, -0.13161573632899026, -0.13161573632899026
-0.8646047780700556, -0.9711737065972652, -0.8646047780700556
0.8067327318538848, -0.9817521584573288, 0.8067327318538848
0.9161639525093572, 0.3971505978578187, 0.9161639525093572
0.8496681441754566, -0.3349594954127568, 0.8496681441754566
-0.3176098521060666, 0.8837135913223091, 0.8837135913223091
0.376606286300031, -0.0925777838096018, 0.376606286300031
-0.2556039744491698, -0.7039937078223242, -0.2556039744491698
0.5019994102622214, -0.7968345605201621, 0.5019994102622214
-0.17372951663129999, -0.44228396231375733, -0.17372951663129999
-0.6899489478882839, 0.5372575624452263, 0.5372575624452263
0.8709029255626839, 0.3992815793431699, 0.8709029255626839
-0.9052068942343316, 0.19470143224013703, 0.19470143224013703
-0.4222123697652753, 0.6537843207921985, 0.6537843207921985
0.22646056216243848, -0.7387411134711481, 0.22646056216243848
0.9568964469757164, 0.7933649496285109, 0.9568964469757164
0.09230329502424572, 0.23845232815769024, 0.23845232815769024
-0.3238174108657157, -0.13362425572427394, -0.13362425572427394
0.14408081865540767, 0.36321008813140754, 0.36321008813140754
0.301469087035072, 0.5398525211346437, 0.5398525211346437
-0.47965363649914705, 0.4544157711736634, 0.4544157711736634
0.321373359373168, 0.5570949101546607, 0.5570949101546607
0.18047599779465218, -0.1113267520505481, 0.18047599779465218
0.23297876869965162, -0.006501406231796292, 0.23297876869965162
0.022183566957185485, 0.7463381947422145, 0.7463381947422145
-0.7750442057297913, -0.17297620436573213, -0.17297620436573213
-0.701000909863382, 0.712421313610865, 0.712421313610865
0.3919922625554142, -0.36293093909409735, 0.3919922625554142
0.20998628744316616, 0.06452548322292295, 0.20998628744316616
0.2644513775064714, -0.822397550180963, 0.2644513775064714
-0.31528960850356125, -0.521018679522161, -0.31528960850356125
0.43661240314874905, -0.7322191859884648, 0.43661240314874905
-0.6619383802266847, 0.8660868930015435, 0.8660868930015435
-0.17190451645631133, -0.001627483770391347, -0.001627483770391347
0.9988637423732865, 0.8216959295789634, 0.9988637423732865
-0.3767747396878307, 0.3598207790228827, 0.3598207790228827
0.14726903646101097, -0.08792195570797467, 0.14726903646101097
-0.07371640139038949, -0.501275268430905, -0.07371640139038949
-0.916659062686574, -0.019916567787987338, -0.019916567787987338
-0.9112791052486311, 0.4937046504507179, 0.4937046504507179
0.1199965477629168, 0.7364362984270079, 0.7364362984270079
0.6836801235242667, -0.4383110379081838, 0.6836801235242667
0.9265957441121704, -0.9794382792462304, 0.9265957441121704
0.02314857039319862, 0.6344155482867233, 0.6344155482867233
0.9637973658912538, -0.29427423353133664, 0.9637973658912538
-0.019521399056961375, -0.3955737884070192, -0.019521399056961375
-0.12530825415190416, 0.4212900849635861, 0.4212900849635861
0.3349264158337759, -0.5065829486384514, 0.3349264158337759
-0.9790777033375673, 0.4559663985586755, 0.4559663985586755
-0.2558469693836716, -0.15702235795460306, -0.15702235795460306
0.24544026860729473, 0.698494013024157, 0.698494013024157
0.5258723502269635, 0.31407064334153345, 0.5258723502269635
0.6316357171785123, 0.9969485522556756, 0.9969485522556756
-0.9519005086798109, -0.7514563091699451, -0.7514563091699451
0.7316055022892518, 0.9070465436710662, 0.9070465436710662
0.8847265232843151, -0.31737747728758436, 0.8847265232843151
-0.5461155409507423, -0.614687238631527, -0.5461155409507423
0.003987026448211584, 0.5344423795894115, 0.5344423795894115
0.870591164856066, 0.29591988176794515, 0.870591164856066
0.5539608403999441, 0.5418717435438578, 0.5539608403999441
-0.398035343706749, 0.05299470496098779, 0.05299470496098779
0.4777261455333819, 0.6904428985799165, 0.6904428985799165
-0.03390861462413142, 0.8333079116689752, 0.8333079116689752
0.24026087524341522, 0.2398505231767516, 0.24026087524341522
0.7525377123951287, -0.7712381033766851, 0.7525377123951287
-0.5330626346333511, 0.5729751772627887, 0.5729751772627887
0.9766754305886667, -0.4969809612239968, 0.9766754305886667
0.9771429506515121, -0.2891477629879522, 0.9771429506515121
-0.7035322915648017, -0.8566063904201351, -0.7035322915648017
0.4351141812996504, -0.5738262084958954, 0.4351141812996504
-0.4954905658702413, 0.4990538871490888, 0.4990538871490888
0.07106639726812825, -0.829654854126731, 0.07106639726812825
0.29145163251915207, -0.21466476090094733, 0.29145163251915207
0.05203210111121792, -0.825648796712408, 0.05203210111121792
-0.1481028088142473, -0.31561175791198415, -0.1481028088142473
-0.6986172605052314, 0.828616579600157, 0.828616579600157
-0.05076627593594685, 0.403191458174726, 0.403191458174726
0.537784978010794, 0.657549298741249, 0.657549298741249
-0.3962251980442706, -0.30589310635367384, -0.30589310635367384
-0.7705065783711997, -0.1569443922198157, -0.1569443922198157
-0.546721122556241, -0.7538005179196987, -0.546721122556241
-0.9347344224108707, -0.6780655997600991, -0.6780655997600991
0.5221976207707237, 0.8625899900094411, 0.8625899900094411
0.16255132148286489, 0.6880728601024027, 0.6880728601024027
0.15358941494728362, -0.23077147729770786, 0.15358941494728362
0.21346958403052052, -0.7948893925437863, 0.21346958403052052
0.42838816023740156, 0.034520174722789454, 0.42838816023740156
0.1178280522354731, 0.39586191034661344, 0.39586191034661344
0.7881288435355853, -0.8997904806198191, 0.7881288435355853
-0.3607588156716266, 0.5699698196151899, 0.5699698196151899
0.6898630412821929, -0.6991468828917027, 0.6898630412821929
0.14015242922475757, -0.5549420498449911, 0.14015242922475757
-0.11837236983034516, 0.49855272151550456, 0.49855272151550456
-0.33039639956319844, 0.46988471959090483, 0.46988471959090483
5.73406198560944E-4, 0.00434268672742677, 0.00434268672742677
0.9919989171914008, -0.6472208197768594, 0.9919989171914008
0.3824740609817703, 0.8033466104656477, 0.8033466104656477
-0.2657844930086011, 0.3821674794184051, 0.3821674794184051
-0.16393697623957038, 0.5109658294912596, 0.5109658294912596
-0.4214127536254888, -0.5178297622235484, -0.4214127536254888
0.6591401145265587, 0.5869857826631735, 0.6591401145265587
-0.838411921245747, -0.8602151454409317, -0.838411921245747
0.5608274270662268, 0.10799141585132754, 0.5608274270662268
-0.0886673727560141, -0.5878295822625004, -0.0886673727560141
-0.3659580841212706, -0.8684531775255377, -0.3659580841212706
-0.8303517700978886, -0.1203516905432851, -0.1203516905432851
0.7552917847986818, 0.11120221590514068, 0.7552917847986818
0.7478602389304194, -0.005988609143437573, 0.7478602389304194
0.16409999994741775, -0.6245226010424845, 0.16409999994741775
-0.7366199157466053, 0.8476227046908562, 0.8476227046908562
-0.32473108741372547, -0.20594472933464036, -0.20594472933464036
0.3812547392740311, -0.16389587268020334, 0.3812547392740311
-0.2822997467679347, 0.7526276736639725, 0.7526276736639725
-0.1350708466430106, -0.25201800740564484, -0.1350708466430106
0.6896606437639494, 0.23539423719567054, 0.6896606437639494
-0.239687195614527, 0.03146033288827721, 0.03146033288827721
0.2460369412608343, 0.7426947824804473, 0.7426947824804473
0.8470395338581105, 0.1846236171384441, 0.8470395338581105
-0.30588214054349727, 0.33855071053897334, 0.33855071053897334
0.3572189753122199, 0.9540554791380276, 0.9540554791380276
0.9570950297187366, -0.7830850576962922, 0.9570950297187366
0.373985033970206, 0.20780668679887415, 0.373985033970206
0.6375565751798875, -0.7591555071596914, 0.6375565751798875
0.8068599014625308, -0.15721703442678603, 0.8068599014625308
0.72768989865477, -0.7201672358586098, 0.72768989865477
-0.7840549299914261, -0.9970425930608071, -0.7840549299914261
0.7798320035017803, 0.24010173436231996, 0.7798320035017803
0.884970289211737, 0.3348176777038192, 0.884970289211737
-0.9324072245026096, -0.7024478952781372, -0.7024478952781372
0.619650842429782, -0.7055926780217803, 0.619650842429782
-0.8975507451817464, -0.4775482463913916, -0.4775482463913916
0.08563783012304249, 0.7049091914127112, 0.7049091914127112
0.5180023479598372, -0.22858805951442052, 0.5180023479598372
0.6921972497591908, -0.33592111879598874, 0.6921972497591908
-0.8428935127976782, -0.5501847457872546, -0.5501847457872546
0.7294704371456482, -0.9819833024651765, 0.7294704371456482
0.5398567339456508, -0.336990529729813, 0.5398567339456508
-0.7116841097794155, 0.9688507097329271, 0.9688507097329271
0.7307119116817355, -0.8214322892843173, 0.7307119116817355
0.4561800404626206, -0.6573205608854966, 0.4561800404626206
-0.8542648403826474, -0.7526229972215812, -0.7526229972215812
0.17052099800069698, 0.8851543231001917, 0.8851543231001917
-0.9839922325564088, -0.8447192323486292, -0.8447192323486292
-0.5730308235613302, 0.3950417514831479, 0.3950417514831479
-0.6245443552946754, -0.4621054924582997, -0.4621054924582997
-0.3123730799618838, 0.6244418221639354, 0.6244418221639354
-0.9985332340975179, -0.65963425220703, -0.65963425220703
0.8990701193322947, -0.4286142783855542, 0.8990701193322947
0.4996825988433413, 0.5142451912308528, 0.5142451912308528
-0.5880778757833232, -0.3200617400549466, -0.3200617400549466
0.2585187463510168, -0.6059346588432999, 0.2585187463510168
-0.4235043284895743, -0.7976587250514433, -0.4235043284895743
0.14730709963868382, 0.030922180755820206, 0.14730709963868382
-0.23784979018663854, 0.9786771199824906, 0.9786771199824906
0.7087932981674923, 0.6390776847546333, 0.7087932981674923
0.045363836942198255, 0.3842722192090693, 0.3842722192090693
-0.6156146899857295, -0.2950825934984975, -0.2950825934984975
-0.4429773561917125, 0.35045902097534, 0.35045902097534
0.4829016598769056, 0.9064278052801937, 0.9064278052801937
0.43862007969197236, 0.6947249925720211, 0.6947249925720211
0.5947419425363285, -0.8887429060184933, 0.5947419425363285
0.10241662220625658, -0.22723879860114216, 0.10241662220625658
-0.2784597630800232, -0.9232298294227732, -0.2784597630800232
-0.79599303987655, -0.6871188161896389, -0.6871188161896389
0.5369636368402679, -0.16159109467239618, 0.5369636368402679
0.4726599794951951, -0.8951676764897669, 0.4726599794951951
-0.9272094189491986, -0.40330553445371153, -0.40330553445371153
-0.7286619945044204, -0.7825808982822959, -0.7286619945044204
0.048700865516091874, -0.6572406633746255, 0.048700865516091874
-0.2654104315394441, 0.18677945408403196, 0.18677945408403196
-0.7839207710047056, 0.41693643186760787, 0.41693643186760787
-0.033352889160249255, -0.16792004849113518, -0.033352889160249255
0.5652235744835101, 0.33438572095418495, 0.5652235744835101
-0.9601441978642118, -0.5164714173824558, -0.5164714173824558
0.6124092688704028, -0.4904633195946573, 0.6124092688704028
-0.05829839069655307, -0.5840800017804464, -0.05829839069655307
0.26763235115986994, 0.435641738827687, 0.435641738827687
0.7141845229196413, 0.8169017427546335, 0.8169017427546335
-0.7775337189425227, -0.5913693569559628, -0.5913693569559628
-0.7658028732611366, -0.9140673502367045, -0.7658028732611366
-0.8739085925266845, -0.7130733954612829, -0.7130733954612829
-0.22456461629535363, 0.8990031108573169, 0.8990031108573169
-0.5962823337345178, 0.09513094093719077, 0.09513094093719077
-0.09943321137915606, -0.7543383445160985, -0.09943321137915606
0.24367619687451825, -0.8396937471285091, 0.24367619687451825
0.8409699568658684, 0.6889128154732713, 0.8409699568658684
-0.11015994486314451, -0.577606031900848, -0.11015994486314451
0.7506887118147658, 0.9928361142423587, 0.9928361142423587
-0.09103354302753108, -0.9018083165997088, -0.09103354302753108
-0.3858699782752901, 0.6574590714298187, 0.6574590714298187
0.30273065793698417, -0.3012210681153309, 0.30273065793698417
-0.5557544570181163, -0.38099077529559633, -0.38099077529559633
0.3600394456223073, 0.9238876676986814, 0.9238876676986814
-0.6612093115817872, -0.4753744790289678, -0.4753744790289678
-0.23219870500639517, -0.4466608295820227, -0.23219870500639517
-0.5043314101484901, -0.14272350566663428, -0.14272350566663428
-0.8101492155745202, 0.6703813741078766, 0.6703813741078766
-0.12352290821558132, -0.3684368474509776, -0.12352290821558132
-0.12468294505811373, 0.4306775832557266, 0.4306775832557266
0.6456664724521755, 0.5139741989124949, 0.6456664724521755
-0.9930294777190971, 0.5271448425862255, 0.5271448425862255
-0.7676097505254325, -0.7228000453601602, -0.7228000453601602
-0.0014641800245982495, 0.8168790765774114, 0.8168790765774114
0.2635607103596811, -0.07508530603254537, 0.2635607103596811
0.6026056796329238, 0.05882726578324449, 0.6026056796329238
-0.7082685196281859, 0.19037315863751436, 0.19037315863751436
-0.5685532278612175, -0.24708466886624558, -0.24708466886624558
0.661100510147995, -0.006258648569997138, 0.661100510147995
0.1917838475992928, -0.1916005117521924, 0.1917838475992928
-0.0609118128967725, -0.7477543198286818, -0.0609118128967725
0.25898122161652326, -0.8755070032547836, 0.25898122161652326
-0.2595640055033537, 0.8793746593772767, 0.8793746593772767
0.9783023717029726, 0.4878417870154601, 0.9783023717029726
-0.9650896020150936, -0.723012772298234, -0.723012772298234
0.7263194150653518, -0.3379758433222875, 0.7263194150653518
-0.6115364624317925, 0.8136692441415185, 0.8136692441415185
-0.46205808554869576, -0.9636982111457626, -0.46205808554869576
0.40992696686962615, 0.9756504683019236, 0.9756504683019236
0.3460519251345273, -0.7452886856598055, 0.3460519251345273
-0.15238997343529714, 0.40110612020646186, 0.40110612020646186
0.9412291984883687, -0.7328599102667381, 0.9412291984883687
-0.9474134564810104, 0.5167508695492391, 0.5167508695492391
0.08867496904667793, -0.10009708007561158, 0.08867496904667793
-0.577324578391446, 0.02530306928015369, 0.02530306928015369
-0.43691700647400844, 0.5214763341851067, 0.5214763341851067
7.366744716372775E-4, -0.9645530718047541, 7.366744716372775E-4
-0.8222551361506534, 0.4195803153070725, 0.4195803153070725
0.8350644781945362, -0.8310295812065771, 0.8350644781945362
0.7793302334497016, -0.5256399288758724, 0.7793302334497016
-0.09176395127739023, 0.9453500547825529, 0.9453500547825529
-0.08112219886099181, -0.6489601794639455, -0.08112219886099181
-0.26096914252216985, -0.4925381653626435, -0.26096914252216985
0.7370912707977275, 0.8222523070055598, 0.8222523070055598
-0.003287285958190944, -0.08983149463654505, -0.003287285958190944
0.10972461574024805, -0.6916384271577249, 0.10972461574024805
0.13529705622057198, -0.285168162710673, 0.13529705622057198
0.6691381162417125, -0.4413164730272938, 0.6691381162417125
0.07166112846360351, -0.4122391268668073, 0.07166112846360351
-0.001176943083485149, 0.5930894077854592, 0.5930894077854592
-0.5819843699461937, 0.03896769464956473, 0.03896769464956473
0.40114863697334413, -0.6506176105546706, 0.40114863697334413
-0.5021157943040322, 0.27337183938736564, 0.27337183938736564
0.05643271965252672, 0.5757468496613547, 0.5757468496613547
-0.0564047403887149, 0.5406691923919253, 0.5406691923919253
-0.05080183703817376, -0.45937227303713035, -0.05080183703817376
0.4717584317813517, 0.33304570077512485, 0.4717584317813517
0.7044881112579711, 0.2534078717266257, 0.7044881112579711
0.104937332185705, -0.12627815076454274, 0.104937332185705
0.6499094452994016, 0.8274935471205975, 0.8274935471205975
-0.18229422908057935, 0.9080794196450162, 0.9080794196450162
0.8373510315408408, -0.18308916093507688, 0.8373510315408408
-0.6892580239231265, 0.19226975424820503, 0.19226975424820503
-0.24134957154979597, -0.40409860104758, -0.24134957154979597
0.7166324144229148, 0.6779511165699155, 0.7166324144229148
-0.7281070093816209, 0.2734229752984745, 0.2734229752984745
0.09030892794608336, 0.2766391401470256, 0.2766391401470256
0.8248891290242537, -0.7904251727788592, 0.8248891290242537
0.6375565260659786, 0.6281739868172815, 0.6375565260659786
0.7467947952249789, 0.09405961250583461, 0.7467947952249789
-7.468519005304763E-5, -0.9650836935840079, -7.468519005304763E-5
0.8899700855851653, -0.8270584398052254, 0.8899700855851653
-0.38937355023546494, -0.7149884169275553, -0.38937355023546494
-0.22374228262750573, 0.019896818854016285, 0.019896818854016285
0.38397408727079285, 0.9008360936332969, 0.9008360936332969
0.3636193781149968, -0.5151618242494957, 0.3636193781149968
0.5882045038486892, 0.3817730031727502, 0.5882045038486892
0.11150787546041352, 0.9269281925058834, 0.9269281925058834
-0.9913225941504984, 0.6919719619208597, 0.6919719619208597
0.1414664586371519, -0.3531508920800781, 0.1414664586371519
0.757171049886616, -0.7833650691666161, 0.757171049886616
-0.05850312805110902, -0.979530125392494, -0.05850312805110902
-0.2282803440366017, -0.6152917235215631, -0.2282803440366017
0.15976025270701855, -0.18003433193647322, 0.15976025270701855
-0.5899173236594317, -0.6474236989865234, -0.5899173236594317
-0.6332952302752484, 0.7378829514553773, 0.7378829514553773
0.17786987199835225, -0.45040422220450393, 0.17786987199835225
0.48026195902606816, -0.027556984534181872, 0.48026195902606816
0.7357449166765155, -0.057260253841618036, 0.7357449166765155
0.30588684168293545, 0.08820974880833776, 0.30588684168293545
0.8569008996988257, 0.3495933899039583, 0.8569008996988257
0.5432390592143268, 0.46015282548960834, 0.5432390592143268
0.5460145148097992, -0.8865227365772623, 0.5460145148097992
-0.333227623628525, 0.6048473989288652, 0.6048473989288652
-0.7450463767620028, 0.25947623714969725, 0.25947623714969725
-0.6614173984606078, 0.14224991992238012, 0.14224991992238012
-0.37027814692371264, 0.48466798694211133, 0.48466798694211133
0.36723949655360344, -0.34146947958844076, 0.36723949655360344
-0.5808770800215235, -0.7072156162461816, -0.5808770800215235
0.949983735282006, -0.3030327289856922, 0.949983735282006
0.4128874160859517, -0.3162247977052264, 0.4128874160859517
0.49517111966250815, 0.26211437310828734, 0.49517111966250815
0.10052372812601984, 0.840431548664714, 0.840431548664714
0.9526843808049534, 0.9766837246229849, 0.9766837246229849
-0.745850656342139, -0.3921648130731792, -0.3921648130731792
0.26740349046377276, 0.8924659726700064, 0.8924659726700064
-0.8318430383089142, 0.2346711802202961, 0.2346711802202961
0.22189055280148517, 0.7441706762457252, 0.7441706762457252
-0.17665336274854515, 0.1819245300534693, 0.1819245300534693
0.38491537469747805, -0.7711001263651809, 0.38491537469747805
0.44855165690906396, -0.6412329704703075, 0.44855165690906396
0.9621339200590444, -0.6776519095527043, 0.9621339200590444
0.5560039689432859, -0.040450172104381066, 0.5560039689432859
-0.8588217084858061, 0.4393248852952296, 0.4393248852952296
0.7823287670134578, 0.24826156622867046, 0.7823287670134578
-0.9524661289379575, 0.9134983927416158, 0.9134983927416158
-0.5740588580823407, -0.7596232219679393, -0.5740588580823407
-0.6223503848767011, -0.6030975103784881, -0.6030975103784881
0.4510601183044667, -0.5596732035429401, 0.4510601183044667
0.8130537337768271, -0.2424175054289779, 0.8130537337768271
-0.43624642490269117, 0.4620190040145491, 0.4620190040145491
0.7450933744828372, 0.2168675577341559, 0.7450933744828372
-0.22969033082141999, 0.903036554701425, 0.903036554701425
-0.5476776461840931, -0.8866862903171615, -0.5476776461840931
-0.17106901139655362, -0.5958070091784078, -0.17106901139655362
0.6925548608972212, 0.08208862046312526, 0.6925548608972212
0.20119169623572208, -0.9690962485564651, 0.20119169623572208
0.011206284980340708, -0.24490160657033466, 0.011206284980340708
-0.2617274872990789, 0.33778817546036954, 0.33778817546036954
0.7474562729863321, 0.6037465055524793, 0.7474562729863321
-0.9801624220084133, -0.4011118296986762, -0.4011118296986762
0.3980297872014604, -0.16891168291775904, 0.3980297872014604
0.639105072690491, 0.4049603056812352, 0.639105072690491
0.387185571440279, -0.695857457762477, 0.387185571440279
0.14810262266817054, -0.8915720249519261, 0.14810262266817054
0.9893103955973765, 0.15603323286951265, 0.9893103955973765
0.5743923361157393, 0.6909143952946497, 0.6909143952946497
-0.5254389363956888, 0.6936409289886505, 0.6936409289886505
0.38675837937018565, -0.6255928332622827, 0.38675837937018565
0.4496132821468384, 0.9535348114070192, 0.9535348114070192
-0.6925066754246296, -0.917734984065774, -0.6925066754246296
0.8058807313713621, -0.46089952189999384, 0.8058807313713621
-0.5010356934444045, -0.3125598956009168, -0.3125598956009168
0.6198134647286202, 0.26315850357279835, 0.6198134647286202
0.46892704247314887, -0.3518388795645324, 0.46892704247314887
0.3136216412241697, -0.5922232640996838, 0.3136216412241697
-0.5647518917584808, -0.8381308098612776, -0.5647518917584808
0.5089680508758643, -0.19754213449795932, 0.5089680508758643
0.6271835827396077, -0.08376416714432056, 0.6271835827396077
0.9917779061158052, -0.42868848866034126, 0.9917779061158052
-0.7647742451224158, 0.5329600119844857, 0.5329600119844857
0.030405553235913985, -0.3931591508240808, 0.030405553235913985
0.5011514785693412, 0.7501735335322433, 0.7501735335322433
0.7566670626543337, 0.5377897794153141, 0.7566670626543337
-0.20221986302128192, 0.010986914384956137, 0.010986914384956137
-0.1592125911238942, -0.1475645977647133, -0.1475645977647133
-0.5845890103856999, 0.08711939635990995, 0.08711939635990995
-0.03363748535327904, -0.31380318966497955, -0.03363748535327904
0.9113518460110399, -0.38525336606308613, 0.9113518460110399
0.30672912638595085, 0.9055279385256809, 0.9055279385256809
0.28057623042352886, -0.014433815245435078, 0.28057623042352886
0.30871542715619893, -0.7776869358715004, 0.30871542715619893
-0.6201909851540441, -0.4833156426831391, -0.4833156426831391
-0.6237623499777769, -0.48959659432489855, -0.48959659432489855
0.9572996198066108, -0.5437138476966554, 0.9572996198066108
0.9951424505237088, -0.6710102524785961, 0.9951424505237088
0.8854892757978234, -0.6285780893026334, 0.8854892757978234
0.8472973037442495, -0.16126951977110027, 0.8472973037442495
-0.2052105295784783, 0.4937090763847978, 0.4937090763847978
0.04929242607676709, -0.4842771511907211, 0.04929242607676709
-0.4587780262396659, -0.047420477360306856, -0.047420477360306856
0.446586478163028, -0.9313687449356898, 0.446586478163028
0.3473533214571014, -0.38132633741590927, 0.3473533214571014
0.7921289883814564, 0.6130983803177399, 0.7921289883814564
-0.23293226797918476, -0.4811829871729487, -0.23293226797918476
0.014018737260433456, -0.12070043001954378, 0.014018737260433456
-0.2690063167961545, 0.03280674605870981, 0.03280674605870981
-0.4105078199994694, -0.1951911918423337, -0.1951911918423337
-0.5833974062807799, 0.6656751530458846, 0.6656751530458846
-0.19929559532244268, -0.2908904175099549, -0.19929559532244268
-0.7505207853195763, -0.17049926459763665, -0.17049926459763665
0.30047981325543716, -0.5298355954524012, 0.30047981325543716
0.2596570510060865, -0.54318342312072, 0.2596570510060865
0.9623160494779059, -0.8676974783690676, 0.9623160494779059
-0.6791766452447148, -0.35367175680088514, -0.35367175680088514
0.6687088805772776, -0.9966338641011647, 0.6687088805772776
0.9772424245208624, 0.5725583535068515, 0.9772424245208624
-0.423678161513221, 0.9685040782647569, 0.9685040782647569
0.04641191881188145, -0.5118880186600019, 0.04641191881188145
-0.16470757924400514, -0.3395126806015134, -0.16470757924400514
-0.7617350711906277, -0.8542749081138916, -0.7617350711906277
-0.9582247956066434, -0.5461641797403936, -0.5461641797403936
-0.8586262706502192, 0.6521935929202216, 0.6521935929202216
0.9146608350469541, -0.43427626589331925, 0.9146608350469541
0.0018518533563065542, 0.9589485337677961, 0.9589485337677961
-0.7153588961083719, -0.522941811575883, -0.522941811575883
-0.19949710850557234, 0.9608452814525508, 0.9608452814525508
0.4402041605862961, -0.4508826841969553, 0.4402041605862961
-0.07945837474995887, -0.43043407587391647, -0.07945837474995887
-0.1400129074439025, -0.46462775395537603, -0.1400129074439025
-0.5134905457785648, 0.38458505731780157, 0.38458505731780157
-0.639756464067101, -0.9631256070114578, -0.639756464067101
-0.56578709967366, -0.7342747833650951, -0.56578709967366
0.1806396825960428, 0.9938416517869648, 0.9938416517869648
0.35892266975622, 0.47612098107882495, 0.47612098107882495
0.5335112359174712, -0.39034172735516925, 0.5335112359174712
0.7305729365845655, 0.2265277805806254, 0.7305729365845655
-0.32759616406986125, -0.21019829594872208, -0.21019829594872208
0.26711648914613506, -0.8788698532448227, 0.26711648914613506
0.44550827505301815, -0.5246067073459342, 0.44550827505301815
-0.7864055445036957, 0.7916143121822288, 0.7916143121822288
-0.8163318414362581, -0.6142891783436115, -0.6142891783436115
-0.709382858475031, 0.07824280911296877, 0.07824280911296877
-0.8475468285321737, -0.9714207369660885, -0.8475468285321737
0.7375093524978613, -0.644509198160149, 0.7375093524978613
0.5084715858628366, -0.4078665365688898, 0.5084715858628366
0.5232405900816104, -0.32202477598031654, 0.5232405900816104
-0.5809374898997979, -0.10194043377115092, -0.10194043377115092
0.3529401989177874, -0.456323965346906, 0.3529401989177874
0.8634849498182771, 0.17386867758900726, 0.8634849498182771
-0.15571366009411003, 0.9091434798953619, 0.9091434798953619
-0.49320228721350845, 0.3418920367035472, 0.3418920367035472
0.8112477024622486, -0.347822171139357, 0.8112477024622486
-0.11045985276429082, 0.6803978494074885, 0.6803978494074885
0.7993770948226486, 0.25320477697560806, 0.7993770948226486
0.8474078033428007, -0.8055825330702375, 0.8474078033428007
0.3940152466714315, 0.7500198297252667, 0.7500198297252667
-0.8946806997166976, -0.5857331885523536, -0.5857331885523536
-0.5098903896968296, 0.5012850857647846, 0.5012850857647846
0.9037542996039534, 0.12600373414953792, 0.9037542996039534
-0.5466621743221087, -0.9865361902572731, -0.5466621743221087
0.1761496695628082, -0.9026035504540082, 0.1761496695628082
0.3169628947987402, 0.9056356020725242, 0.9056356020725242
-0.48341959150636393, 0.5765312816417139, 0.5765312816417139
0.018960054230079404, -0.5304781664137579, 0.018960054230079404
0.271265889690925, -0.6514413339555587, 0.271265889690925
-0.20812817666239436, -0.15733691228331836, -0.15733691228331836
-0.5010933029863807, -0.5801251592499297, -0.5010933029863807
-0.16785848828061045, -0.35926994024158376, -0.16785848828061045
0.05810848974879468, -0.23162928202298838, 0.05810848974879468
-0.13659382385075847, 0.49192446093419884, 0.49192446093419884
-0.7272385017178027, 0.1256612109043227, 0.1256612109043227
0.8840260419139196, 0.07230612635166, 0.8840260419139196
0.31586190113959156, 0.10621630011598882, 0.31586190113959156
-0.18238021522851944, -0.02391368320160825, -0.02391368320160825
-0.8714840514901179, 0.8798450618209441, 0.8798450618209441
0.9177613509221914, -0.7949793086323607, 0.9177613509221914
-0.9741972627183182, -0.6069657587935391, -0.6069657587935391
-0.33386522958424325, 0.22020155021901555, 0.22020155021901555
-0.2362903475032767, -0.8431547993501969, -0.2362903475032767
-0.370496368290258, 0.14239016145485683, 0.14239016145485683
-0.4939820499099774, 0.3234435961278457, 0.3234435961278457
0.3067266557044188, 0.23747401686761727, 0.3067266557044188
0.5099924426856339, 0.1672745168091343, 0.5099924426856339
-0.1585573833540166, 0.8689536994887854, 0.8689536994887854
-0.36737330573501215, -0.7096004201981965, -0.36737330573501215
-0.0052721347487063586, 0.26380169862532044, 0.26380169862532044
-0.0865873268030446, -0.5649976287276892, -0.0865873268030446
0.9267241314632433, -0.5446471905651031, 0.9267241314632433
0.7521321186116539, 0.9532465025290575, 0.9532465025290575
0.8177117076220606, 0.9703464505730621, 0.9703464505730621
0.2679367972724467, -0.3450889094539922, 0.2679367972724467
0.03668092025365777, 0.677891736654052, 0.677891736654052
-0.047663885792059935, -0.018558911719497972, -0.018558911719497972
0.769317285684143, -0.9677441653732293, 0.769317285684143
-0.5922828791061046, 0.508162408819615, 0.508162408819615
0.1504257986257893, 0.976585982950001, 0.976585982950001
-0.04747474479828595, -0.4459553667546059, -0.04747474479828595
-0.9291890402986493, 0.4341815888243161, 0.4341815888243161
-0.603864209952047, 0.6023671690389851, 0.6023671690389851
0.12423373469338794, -0.44061788873634966, 0.12423373469338794
-0.5274470352838212, -0.5444178399636297, -0.5274470352838212
-0.5718316823669438, 0.47428132731963135, 0.47428132731963135
-0.5920911822658235, -0.4451826007445756, -0.4451826007445756
0.7041204156577519, -0.14044108833683944, 0.7041204156577519
0.5486889172986391, -0.6927891592137199, 0.5486889172986391
-0.6802994605445449, 0.3438751857177895, 0.3438751857177895
0.6869399687614994, 0.3758382773589988, 0.6869399687614994
-0.551289978972779, -0.23800008799476502, -0.23800008799476502
0.8505352447239725, 0.9295086141191431, 0.9295086141191431
0.6270225633646649, 0.9888220860923966, 0.9888220860923966
-0.39470382465825793, 0.8227533957752802, 0.8227533957752802
0.38653481777936194, 0.9254146900744045, 0.9254146900744045
0.5395118880387471, -0.3604346758080834, 0.5395118880387471
0.17105934395381617, -0.576245002891965, 0.17105934395381617
0.3581950138570269, -0.38253953164451704, 0.3581950138570269
0.7183968245411956, 0.7334844749762404, 0.7334844749762404
0.6785901158442027, -0.6742423427905055, 0.6785901158442027
-0.9099320367048591, 0.49879673083302234, 0.49879673083302234
-0.41003524047510864, -0.7605898342486599, -0.41003524047510864
0.3347983418599658, 0.8315986577490166, 0.8315986577490166
0.5184500464517057, 0.3824137027683241, 0.5184500464517057
0.7428160419521654, 0.899663579868123, 0.899663579868123
-0.6755065636969542, 0.9722037654761888, 0.9722037654761888
0.576841016006213, -0.2741241112269033, 0.576841016006213
-0.08447067602378566, -0.3857862278654076, -0.08447067602378566
0.9095122147590602, -0.9025063171429999, 0.9095122147590602
-0.4926494514583917, 0.7516396412795794, 0.7516396412795794
-0.6113114627048191, 0.8775674730785381, 0.8775674730785381
0.0843174311412136, -0.537058292660487, 0.0843174311412136
-0.7762521262738724, -0.2419976326070301, -0.2419976326070301
-0.3389308820584078, -0.6270107037477917, -0.3389308820584078
0.7058959001006004, 0.4011895385328188, 0.7058959001006004
0.3716837117587637, -0.24074477171856112, 0.3716837117587637
0.042206142895748755, 0.28465259326151804, 0.28465259326151804
-0.8370697109400544, -0.5307583625981613, -0.5307583625981613
0.4565606806887865, 0.028665612551898922, 0.4565606806887865
0.47554611554240056, 0.7484330104480816, 0.7484330104480816
0.1899905783976179, -0.26346199799174475, 0.1899905783976179
0.7608132774090641, 0.5095492715261549, 0.7608132774090641
-0.9462033675575672, 0.609798019636062, 0.609798019636062
0.8249573616831298, 0.9830912693842726, 0.9830912693842726
-0.031050785968319117, -0.9355659628727557, -0.031050785968319117
0.5084355984954769, 0.40249208822486104, 0.5084355984954769
-0.8656334793867326, 0.5570561090639212, 0.5570561090639212
0.7997573837804077, 0.8992110012794372, 0.8992110012794372
-0.18533328753152767, -0.24334843847897902, -0.18533328753152767
0.5484734307524555, 0.9234902653875205, 0.9234902653875205
-0.6970983688283043, -0.6537639914988296, -0.6537639914988296
0.9263985167375355, 0.6790341484682425, 0.9263985167375355
-0.9058917026648692, 0.8551837748987969, 0.8551837748987969
-0.7659354255381554, 0.8588851949976699, 0.8588851949976699
0.3830591952669129, -0.1560771367166367, 0.3830591952669129
-0.9734313899223199, 0.82393790993598, 0.82393790993598
0.7772177601564305, -0.1475561809038075, 0.7772177601564305
0.7548285484817152, -0.21371388668826485, 0.7548285484817152
-0.5260179855801097, -0.9275906590027578, -0.5260179855801097
0.4540546074863516, -0.37707265052656735, 0.4540546074863516
0.27879525570341146, 0.23564280274066363, 0.27879525570341146
-0.2936345258555806, -0.32513603608180963, -0.2936345258555806
-0.4603899778050484, 0.9907269686229438, 0.9907269686229438
0.29840392915277536, 0.8828063978731022, 0.8828063978731022
-0.7993404232370929, 0.3791396387238284, 0.3791396387238284
-0.7562947105499471, 0.39252428623944846, 0.39252428623944846
-0.39895412836816035, 0.10341419139671282, 0.10341419139671282
0.8729632912748573, -0.9489899003882583, 0.8729632912748573
0.5161321891445965, -0.7134351884030325, 0.5161321891445965
-0.48259981816503306, 0.32802747417555356, 0.32802747417555356
-0.0626103392057038, -0.3985286019647407, -0.0626103392057038
0.49741562653801696, -0.3914197415926395, 0.49741562653801696
0.011726222244491602, -0.7215344196571403, 0.011726222244491602
0.4026697386346465, 0.14250760498295856, 0.4026697386346465
-0.05048980469975817, -0.7408960369608804, -0.05048980469975817
0.21994178597436198, -0.16813506820370194, 0.21994178597436198
-0.7878117002775045, 0.5380629628015077, 0.5380629628015077
-0.20731893568610005, 0.8815827913936043, 0.8815827913936043
-0.6126477500238774, 0.7717807826680769, 0.7717807826680769
0.4994552906755736, -0.926372017646625, 0.4994552906755736
-0.5520214827246603, -0.9732920857568534, -0.5520214827246603
-0.9503683653041064, 0.9338122219538707, 0.9338122219538707
-0.12125789152380162, 0.7677247796200617, 0.7677247796200617
0.4752942738793211, -0.3451148469769878, 0.4752942738793211
-0.4453812931060359, -0.0013410320437317047, -0.0013410320437317047
-0.7230856546397548, 0.4472953803176467, 0.4472953803176467
-0.8302604174340316, -0.25530527747734744, -0.25530527747734744
0.03678113898765689, 0.04325221327469797, 0.04325221327469797
0.22525952963039098, 0.4399360528240006, 0.4399360528240006
0.035816940221851334, 0.7646819341961661, 0.7646819341961661
0.6448312264414262, -0.9793126149576274, 0.6448312264414262
-0.34903710073108707, -0.3527287907342611, -0.34903710073108707
-0.42899045055308416, -0.332975318357734, -0.332975318357734
-0.25753934172689696, 0.9019149994885578, 0.9019149994885578
-0.46275139492737627, -0.45617110714990305, -0.45617110714990305
0.14255514708573003, 0.12066022611955352, 0.14255514708573003
0.14871615639929736, 0.044277040245424226, 0.14871615639929736
-0.4471688519838841, -0.4200149695001818, -0.4200149695001818
-0.9932301511544033, 0.44521956289715714, 0.44521956289715714
0.722418689360647, -0.5654509693041343, 0.722418689360647
-0.14733953269846278, 0.8386807683429267, 0.8386807683429267
-0.48181107944472346, -0.5173025142138818, -0.48181107944472346
0.3209852673616578, 0.7794677532849594, 0.7794677532849594
-0.6972626329747043, -0.15253319026227619, -0.15253319026227619
-0.8689531824389232, -0.01433793212888368, -0.01433793212888368
0.5095849691854291, 0.801499202412866, 0.801499202412866
0.7396322383304503, -0.7218152878936954, 0.7396322383304503
0.2502073017252613, 0.3372747138229586, 0.3372747138229586
0.48399952583940253, -0.638281882700902, 0.48399952583940253
-0.8714037331806395, 0.07274888319653394, 0.07274888319653394
0.7512107380416124, 0.9784075651431443, 0.9784075651431443
-0.1268983070150178, 0.12350902033288702, 0.12350902033288702
-0.9101324656160077, 0.3570519678841242, 0.3570519678841242
-0.4146599259958168, 0.7524264468831352, 0.7524264468831352
-0.021947178793442657, -0.40711429781988984, -0.021947178793442657
-0.7435479237241909, 0.7795053702920125, 0.7795053702920125
-0.8248073365735202, -0.3748008243625236, -0.3748008243625236
0.4248822483145349, 0.6365886415134059, 0.6365886415134059
-0.5377314212189659, -0.1964421088786481, -0.1964421088786481
0.9888048302677381, 0.31973778028438815, 0.9888048302677381
-0.14835208106974962, 0.4503388020657151, 0.4503388020657151
0.6684120231467012, 0.590605269208232, 0.6684120231467012
0.387801815091275, 0.8247838756658106, 0.8247838756658106
0.8603542341454316, -0.21945070709807069, 0.8603542341454316
0.518461405343879, 0.774533714408798, 0.774533714408798
0.9935163500862803, -0.40224276387635705, 0.9935163500862803
0.6720080799131978, 0.09716484468111442, 0.6720080799131978
-0.6878846865476211, -0.4025868902128298, -0.4025868902128298
-0.4118151616463894, 0.7535610423393273, 0.7535610423393273
0.38256978393218, 0.25830524942769784, 0.38256978393218
0.025771055898623718, -0.6362011650521542, 0.025771055898623718
-0.4915855033842167, 0.28539750817304, 0.28539750817304
0.4804507103825211, 0.3672962468038792, 0.4804507103825211
-0.1494890820586814, 0.99562157936485, 0.99562157936485
-0.4064518341231451, -0.2064654730219515, -0.2064654730219515
-0.6563651160561383, 0.8545287646168203, 0.8545287646168203
-0.3185731588159355, -0.975314590628714, -0.3185731588159355
-0.9425192770041055, 0.14972917327761248, 0.14972917327761248
-0.6034656517696944, 0.5194420512029829, 0.5194420512029829
-0.1545081615593351, 0.1942719058217881, 0.1942719058217881
-0.804397901059706, -0.19393334161205789, -0.19393334161205789
-0.9740444031744655, -0.2536672388099557, -0.2536672388099557
0.008910973983046855, -0.9261236219014197, 0.008910973983046855
-0.4577104266233598, 0.8799923588672727, 0.8799923588672727
0.07363577251252162, -0.6912146491399429, 0.07363577251252162
0.40640678613217074, -0.5446666530473208, 0.40640678613217074
0.9390167433532459, -0.3349792598996246, 0.9390167433532459
-0.875895726705092, 0.8111385104843913, 0.8111385104843913
-0.2811101367653397, -0.5997266133714754, -0.2811101367653397
-0.2500451621122137, 0.9000635395702425, 0.9000635395702425
-0.6997314612712324, -0.9356022458037461, -0.6997314612712324
-0.5999471622597514, 0.25841487338762303, 0.25841487338762303
0.06995523494879419, 0.9601760924175051, 0.9601760924175051
0.752406706889849, 0.26193190713401693, 0.752406706889849
-0.42519027803660103, -0.48983414074593656, -0.42519027803660103
-0.251274817952172, 0.8091143958235087, 0.8091143958235087
0.8191648310372674, 0.4878588137222519, 0.8191648310372674
0.9656602337307127, -0.5152087703964703, 0.9656602337307127
0.5920422120923783, -0.5747053944617693, 0.5920422120923783
-0.45941417574454957, 0.3917001335312771, 0.3917001335312771
0.12791762782382254, 0.1756974981994397, 0.1756974981994397
-0.6757562088008766, 0.8259904391514243, 0.8259904391514243
-0.7129665645616154, -0.2685137336593304, -0.2685137336593304
0.9647294894851666, -0.41562543945369756, 0.9647294894851666
-0.8200445488630095, 0.25769579191021164, 0.25769579191021164
-0.49832977721850336, 0.22635569883762785, 0.22635569883762785
0.4937391694262441, 0.928473556651785, 0.928473556651785
0.601899699835978, 0.5092291916389924, 0.601899699835978
-0.9851485450729767, 0.36900180437517016, 0.36900180437517016
-0.350203599856693, -0.11446695423536157, -0.11446695423536157
-0.1499056913544894, 0.020302666105995737, 0.020302666105995737
0.5943313768280871, 0.5490392769855152, 0.5943313768280871
0.32146485130147817, 0.31774348690432697, 0.32146485130147817
0.9958931830709554, -0.3897536525959784, 0.9958931830709554
0.46190646790496936, -0.6699516372118475, 0.46190646790496936
0.3442041977162664, 0.1483542902654298, 0.3442041977162664
0.21796860927577644, -0.8639059645866696, 0.21796860927577644
-0.5246061889686942, -0.08028685282347836, -0.08028685282347836
0.8320645539033267, -0.3757523623947254, 0.8320645539033267
-0.2628744054504304, 0.6648925561719119, 0.6648925561719119
0.038813912493147695, -0.09639882396009014, 0.038813912493147695
0.05333506713088121, -0.27497461057520844, 0.05333506713088121
-0.40669586537816294, 0.5795385753369475, 0.5795385753369475
0.06996401125805263, -0.03201901448774103, 0.06996401125805263
0.8281503844153466, 0.6396650417332708, 0.8281503844153466
-0.6268618791846212, 0.851876680647335, 0.851876680647335
-0.6619502345662784, 0.6930261130248396, 0.6930261130248396
0.5034309689697347, 0.40192969301993875, 0.5034309689697347
-0.9623402816316406, 0.9011499215181551, 0.9011499215181551
0.31466059876269736, 0.2324328924625243, 0.31466059876269736
0.6300094460593262, -0.6493806175604171, 0.6300094460593262
-0.2315198608256701, -0.49064117897151305, -0.2315198608256701
-0.5355296784309307, 0.578814678072364, 0.578814678072364
0.12044970750692907, 0.5523110101383217, 0.5523110101383217
0.47320644163154824, -0.17768165782896062, 0.47320644163154824
0.12441551090545455, -0.04388264094608596, 0.12441551090545455
-0.9476645356928477, 0.4764670730670497, 0.4764670730670497
-0.866841395407743, 0.4462763510850756, 0.4462763510850756
0.5612968926465445, -0.7408886435796798, 0.5612968926465445
-0.8565497485725266, 0.5916415446857963, 0.5916415446857963
0.7319329063909084, 0.9206755559857005, 0.9206755559857005
-0.5701240215373622, -0.08486351294781547, -0.08486351294781547
-0.645103498960562, -0.9575403346711469, -0.645103498960562
0.07135429560046735, -0.9045898101175536, 0.07135429560046735
0.17569129165534147, -0.08275401619154832, 0.17569129165534147
0.25610006806647245, -0.062465562477488135, 0.25610006806647245
0.2229273288658029, -0.2725674398302056, 0.2229273288658029
0.5748647353726215, 0.6853384662095447, 0.6853384662095447
0.4433816408060127, 0.38579991662662905, 0.4433816408060127
-0.46399801100921434, -0.32123184734996824, -0.32123184734996824
-0.7905494355815894, -0.43101240791976236, -0.43101240791976236
0.6376044851799707, -0.6869548502827354, 0.6376044851799707
-0.6313708428663849, -0.4929998929959152, -0.4929998929959152
0.8791438748570723, -0.3442015406361918, 0.8791438748570723
-0.07195189267568436, 0.14429045660019835, 0.14429045660019835
0.9959436531102406, -0.4383872363631762, 0.9959436531102406
0.5964456695322422, 0.7688664427703016, 0.7688664427703016
0.3118899790708103, 0.25198776884078744, 0.3118899790708103
0.023634281165896276, -0.04179369915798126, 0.023634281165896276
0.40933432339328735, -0.9129247254549906, 0.40933432339328735
-0.24917383545298355, 0.36696354550689625, 0.36696354550689625
-0.9480029015210452, -0.7282299355271842, -0.7282299355271842
-0.5144945023518359, 0.9803704223693601, 0.9803704223693601
0.35373982718461217, 0.7777703897993806, 0.7777703897993806
0.39869604895565414, 0.17590564614215531, 0.39869604895565414
-0.63593558890889, -0.8819865292537841, -0.63593558890889
-0.3436450337170758, -0.05568881658485214, -0.05568881658485214
-0.004378321281308883, -0.36794002907113255, -0.004378321281308883
0.36132427450067794, 0.8436462973768355, 0.8436462973768355
-0.28312664283777145, -0.6615536077465265, -0.28312664283777145
-0.3555492506095843, -0.6621213799570862, -0.3555492506095843
-0.1041249839302123, -0.35429579756033003, -0.1041249839302123
0.878364543973841, -0.7111583882371757, 0.878364543973841
0.5089672373108745, -0.37805184634863287, 0.5089672373108745
0.5795071973029593, -0.606334650748394, 0.5795071973029593
0.5544647074334075, -0.09208471371855986, 0.5544647074334075
-0.8988503873560516, -0.8149121658788159, -0.8149121658788159
-0.28886614989950066, -0.03283422371715039, -0.03283422371715039
-0.8568634233213099, -0.24290707486425012, -0.24290707486425012
-0.7623380632673364, -0.8793054440444712, -0.7623380632673364
0.5176655805323991, 0.4577644643703931, 0.5176655805323991
0.5053866529313924, 0.033747849512866024, 0.5053866529313924
-0.910520402120198, 0.2014115119068971, 0.2014115119068971
0.06615442885260192, 0.6067772176172828, 0.6067772176172828
-0.12352475846719368, -0.9856569263891071, -0.12352475846719368
0.8594367044822029, -0.3480028566536406, 0.8594367044822029
0.3510127130038927, 0.9791192974999605, 0.9791192974999605
-0.2170584026793314, -0.8595673633942691, -0.2170584026793314
0.4075555607340373, -0.4620535628647098, 0.4075555607340373
0.4833420204238126, 0.24504941267672975, 0.4833420204238126
-0.4717575105490255, 0.6107737936090833, 0.6107737936090833
-0.015620409889854026, -0.9420489308013642, -0.015620409889854026
-0.5300829175988504, 0.6897209443070635, 0.6897209443070635
0.7274131685764726, -0.7553242099781254, 0.7274131685764726
0.23115582215303765, -0.28914361986115944, 0.23115582215303765
0.9889951696881287, -0.16999341063926887, 0.9889951696881287
0.8353158064215183, -0.26833478820311085, 0.8353158064215183
-0.4758653965118407, -0.7015586743767961, -0.4758653965118407
-0.43226037671497264, -0.5843516334059067, -0.43226037671497264
0.4241743324914906, 0.3959208370777425, 0.4241743324914906
-0.7905272054906942, 0.7856000581535119, 0.7856000581535119
0.9480450080415415, 0.07519625274340846, 0.9480450080415415
-0.15850894638205504, -0.5159148641486608, -0.15850894638205504
-0.5416923300130916, 0.4028399526177784, 0.4028399526177784
-0.26276498078606547, 0.1243223428385618, 0.1243223428385618
-0.3645782482682134, -0.21562885247061025, -0.21562885247061025
0.12061256906045115, -0.4059941642091245, 0.12061256906045115
-0.9022349091592334, -0.3611718704470508, -0.3611718704470508
-0.8302160426248868, 0.688713716458593, 0.688713716458593
-0.14578629976546598, 0.16739946051199395, 0.16739946051199395
-0.09866928261513208, -0.5532697480008757, -0.09866928261513208
0.35316904459628184, -0.6477439659332176, 0.35316904459628184
-0.05938154314578714, 0.15530531907256573, 0.15530531907256573
-0.44208909157119036, 0.11948055747760522, 0.11948055747760522
0.6149132408983762, -0.5231318501654016, 0.6149132408983762
0.9747314581976108, 0.3785931110332279, 0.9747314581976108
-0.5412857234919237, 0.7283250310665081, 0.7283250310665081
-0.3643824325273419, -0.42641689343853906, -0.3643824325273419
-0.7150511374267721, -0.4179662786928884, -0.4179662786928884
-0.6794941331264293, 0.05143246436097071, 0.05143246436097071
0.6734948113194785, -0.08509587697834986, 0.6734948113194785
0.2689942105457852, 0.3571167767111554, 0.3571167767111554
0.4941962129756363, -0.809053204021001, 0.4941962129756363
0.06046038797818998, -0.6047312922325989, 0.06046038797818998
-0.15385220710879044, -0.9855342013392141, -0.15385220710879044
-0.9315469034291819, -0.5945615666342319, -0.5945615666342319
0.15957549745733357, 0.4763608871733278, 0.4763608871733278
-0.941718794404431, -0.0022440965076806485, -0.0022440965076806485
-0.04243643323235946, 0.7628702164453263, 0.7628702164453263
-0.16381566585486906, 0.3377005552278103, 0.3377005552278103
-0.737854388447972, 0.9339505604316405, 0.9339505604316405
-0.10277514669457544, -0.23699722521270217, -0.10277514669457544
0.6794806647599254, 0.6848902384770843, 0.6848902384770843
-0.8046664583135785, -0.4673759118384353, -0.4673759118384353
-0.5903530602767035, -0.6566428141594145, -0.5903530602767035
0.4784983175278623, 0.6400560902771151, 0.6400560902771151
0.8613526724832454, 0.9675549263011562, 0.9675549263011562
0.9779950737195422, 0.5423674828214073, 0.9779950737195422
-0.16228871682067458, -0.9604817662352079, -0.16228871682067458
0.5278586655692785, 0.6839273000817085, 0.6839273000817085
0.030305510332342855, 0.25188627488297954, 0.25188627488297954
-0.6418773206659438, 0.11180099588563808, 0.11180099588563808
0.0027588320120874865, -0.8069204628111228, 0.0027588320120874865
